,placeCodeParent,placeCode,name
0,ZM7004,080510702,Kashima East
1,ZM8011,091113305,Tekelo
2,ZM1001,010100316,Chikobo
3,ZM8011,091113304,Muuka
4,ZM8011,091113303,Mweenda
5,ZM4005,040506421,Nkanga
6,ZM4005,040506420,Luche
7,ZM2009,020902708,Bwembya Silwizya
8,ZM8002,090211814,Lukonde
9,ZM2009,020902621,John Kampengele
10,ZM2009,020902628,Mpelembe
11,ZM2009,020902817,Kansuswa
12,ZM2010,021003606,Kansenshi
13,ZM8002,090211811,Chaamwe
14,ZM8002,090211809,Kkole
15,ZM4005,040506307,Mpasa
16,ZM4005,040506416,Katiti
17,ZM4005,040506314,Kalanga
18,ZM4005,040506311,Mambilima
19,ZM8002,090211806,Siampande
20,ZM4005,040506309,Musonda
21,ZM2005,020502405,Chifulube
22,ZM4005,040506310,Lundashi
23,ZM4006,040606603,Munkombwe
24,ZM4006,040606601,Kabuta
25,ZM4006,040606605,Kashikishi
26,ZM4006,040606606,Nchelenge
27,ZM4006,040606609,Kasamba
28,ZM4006,040606608,Chisenga
29,ZM4006,040606607,Chilongo
30,ZM4006,040606613,Katofyo
31,ZM8002,090211804,Kkoma
32,ZM8002,090211802,Sinafala
33,ZM8002,090211803,Jumbo
34,ZM4007,040706713,Katanshya
35,ZM4007,040706711,Chimana
36,ZM8004,090412015,Nachikungu
37,ZM8004,090412012,Simayakwe
38,ZM8005,090512108,Mandia
39,ZM2010,021003610,Kanini
40,ZM8009,090913113,Itapa
41,ZM2010,021003404,Chifubu
42,ZM8005,090512109,Sekute
43,ZM2010,021003405,Kamba
44,ZM2010,021003403,Fibobe
45,ZM2010,021003402,Kawama
46,ZM8008,090812702,Kaila
47,ZM8009,090913104,Maala
48,ZM8001,090111606,Kabimba
49,ZM2010,021003518,Lubuto
50,ZM2010,021003519,Mukuba
51,ZM8009,090913107,Chitongo
52,ZM2010,021003523,Kafubu
53,ZM4007,040706720,Musaba
54,ZM2010,021003522,Kabushi
55,ZM2010,021003520,Toka
56,ZM8005,090512111,Simango
57,ZM8006,090512112,Musokotwane
58,ZM7004,080510714,Kaminzekenzeke
59,ZM7002,080310512,Litoya
60,ZM2010,021003521,Kaloko
61,ZM2010,021003311,Itawa
62,ZM7002,080310516,Luli
63,ZM7002,080310519,Chikenge
64,ZM60,ZM6002,Lunte District
65,ZM4009,040706808,Chisi
66,ZM4001,040106505,Chiengi
67,ZM2010,021003314,Kavu
68,ZM4001,040106508,Chipamba
69,ZM8012,090111714,Nachibanga
70,ZM2010,021003628,Kaniki
71,ZM4009,040706803,Kasaba
72,ZM4009,040706802,Kasansa
73,ZM7002,080310513,Kamisombo
74,ZM8005,090512105,Nyawa
75,ZM8006,090612311,Lizuma
76,ZM8006,090612313,Dambwa Central
77,ZM8006,090612306,Libuyu
78,ZM,ZM20,Copperbelt
79,ZM80,ZM8002,Gwembe
80,ZM80,ZM8004,Kalomo
81,ZM80,ZM8010,Siavonga
82,ZM50,ZM5003,Luangwa
83,ZM4004,040406009,Chipundu
84,ZM2010,021003626,Twapia
85,ZM4004,040406004,Lusubwe
86,ZM4012,040205718,Mwansabombwe
87,ZM8006,090612309,Maramba
88,ZM4004,040406003,Itembo
89,ZM4004,040406013,Mikula
90,ZM4004,040406006,Nsaka
91,ZM8006,090612315,Kariba
92,ZM8006,090612302,Musi o Tunya
93,ZM90,ZM9004,Mongu
94,ZM4004,040406005,Milambo
95,ZM8007,090712509,Nkonkola
96,ZM4004,040406008,Nsunga
97,ZM4004,040406011,Mumbotuta
98,ZM4006,040205722,Mbereshi
99,ZM,ZM50,Lusaka
100,ZM4004,040406012,Kapalala
101,ZM,ZM10,Central
102,ZM,ZM40,Luapula
103,ZM,ZM90,Western
104,ZM4004,040406010,Sokontwe
105,ZM,ZM30,Eastern
106,ZM,ZM11,Muchinga
107,ZM80,ZM8006,Livingstone
108,ZM80,ZM8008,Monze
109,ZM80,ZM8009,Namwala
110,ZM,ZM60,Northern
111,ZM,ZM70,Northwestern
112,ZM80,ZM8001,Choma
113,ZM30,ZM3001,Chadiza
114,ZM,ZM80,Southern
115,ZM80,ZM8011,Sinazongwe
116,ZM80,ZM8005,Kazungula
117,ZM70,ZM7003,Kasempa
118,ZM4012,040205715,Mununshi
119,ZM4012,040205721,Kayo
120,ZM90,ZM9010,Mulobezi
121,ZM30,ZM3008,Petauke
122,ZM70,ZM7001,Chavuma
123,ZM40,ZM4001,Chiengi
124,ZM4012,040205720,Chipita
125,ZM8006,090612303,Dr Mubitana
126,ZM90,ZM9005,Senanga
127,ZM30,ZM3004,Katete
128,ZM30,ZM3010,Kasenengwa
129,ZM7003,080410622,Jifumpa
130,ZM4012,040205717,Lufubu
131,ZM50,ZM5007,Rufunsa
132,ZM30,ZM3006,Mambwe
133,ZM40,ZM4004,Milengi
134,ZM7003,080410614,Mutenda
135,ZM7003,080410606,Kamatete
136,ZM3001,030103701,Mangwe
137,ZM3001,030103705,Kapachi
138,ZM3009,030204116,Kasenga
139,ZM3003,030204404,Chikando
140,ZM8004,090412216,Chidi
141,ZM10,ZM1002,Kabwe
142,ZM20,ZM2003,Kalulushi
143,ZM40,ZM4003,Mansa
144,ZM11,ZM1111,Nakonde
145,ZM7003,080410610,Kamusongolwa
146,ZM7003,080410616,Mpungu
147,ZM3001,030103709,Chamandala
148,ZM3009,030204114,Nthope
149,ZM8006,090612317,Shungu
150,ZM30,ZM3007,Nyimba
151,ZM20,ZM2004,Kitwe
152,ZM60,ZM6001,Chilubi
153,ZM40,ZM4006,Nchelenge
154,ZM40,ZM4008,Chembe
155,ZM30,ZM3013,Vubwi
156,ZM4012,040205716,Mulele
157,ZM10,ZM1009,Itezhi-tezhi
158,ZM20,ZM2009,Mufulira
159,ZM40,ZM4007,Samfya
160,ZM60,ZM6009,Mporokoso
161,ZM10,ZM1007,Chisamba
162,ZM40,ZM4011,Lunga
163,ZM4005,040506422,Kaombe
164,ZM10,ZM1010,Luano
165,ZM10,ZM1008,Chitambo
166,ZM7003,080410601,Kamakoko
167,ZM7003,080410618,Kelongwa
168,ZM20,ZM2008,Mpongwe
169,ZM11,ZM1112,Chama
170,ZM7003,080410604,Kaimbwe
171,ZM30,ZM3011,Lumezi
172,ZM11,ZM1119,Shiwamg'andu
173,ZM3001,030103813,Ambidzi
174,ZM3001,030103706,Chadiza
175,ZM3009,030204113,Sisinje
176,ZM8002,090211813,Jongola
177,ZM70,ZM7006,Solwezi
178,ZM60,ZM6005,Kasama
179,ZM70,ZM7007,Zambezi
180,ZM3001,030103814,Kabvumo
181,ZM3001,030103710,Kandabwako
182,ZM3009,030204118,Msandile
183,ZM3010,030204308,Kwenje
184,ZM8005,090512106,Ngwezi
185,ZM70,ZM7005,Mwinilunga
186,ZM3001,030103711,Kampini
187,ZM3003,030204401,Nsingo
188,ZM3010,030204310,Mkowe
189,ZM3003,030204222,Kapata
190,ZM8010,091013209,Simamba
191,ZM8011,091113313,Sinenge
192,ZM4005,040506414,Kalanga
193,ZM4005,040506308,Chibembe
194,ZM4006,040606604,Kilwa
195,ZM60,ZM6006,Luwingu
196,ZM60,ZM6008,Nsama
197,ZM20,ZM2005,Luanshya
198,ZM3001,030103702,Nsadzu
199,ZM2010,021003313,Twashuka
200,ZM60,ZM6011,Mungwi
201,ZM50,ZM5006,Chirundu
202,ZM90,ZM9008,Luampa
203,ZM40,ZM4012,Mwansabombwe
204,ZM3010,030204309,Ngongwe
205,ZM3010,030204306,Makungwa
206,ZM8005,090512104,Kauwe
207,ZM60,ZM6010,Mpulungu
208,ZM10,ZM1004,Mkushi
209,ZM20,ZM2007,Masaiti
210,ZM50,ZM5001,Chongwe
211,ZM80,ZM8013,Zimba
212,ZM10,ZM1001,Chibombo
213,ZM3009,030204115,Chipangali
214,ZM11,ZM1114,Chinsali
215,ZM90,ZM9006,Limulunga
216,ZM50,ZM5004,Lusaka
217,ZM90,ZM9009,Mitete
218,ZM90,ZM9013,Nalolo
219,ZM90,ZM9011,Mwandi
220,ZM80,ZM8003,Chikankanta
221,ZM20,ZM2006,Lufwanyama
222,ZM90,ZM9012,Mwandi
223,ZM10,ZM1011,Ngabwe
224,ZM60,ZM6004,Kaputa
225,ZM70,ZM7010,Manyinga
226,ZM70,ZM7002,Kabompo
227,ZM90,ZM9003,Lukulu
228,ZM3010,030204311,Mboza
229,ZM3003,030204221,Dilika
230,ZM10,ZM1006,Serenje
231,ZM70,ZM7009,Kalumbila
232,ZM3010,030204312,Chiparamba
233,ZM3003,030204219,Msanga
234,ZM8010,091013213,Lusangazi
235,ZM8011,091113310,Nkandabwe
236,ZM80,ZM8012,Pemba
237,ZM20,ZM2002,Chingola
238,ZM11,ZM1115,Mafinga
239,ZM10,ZM1005,Mumbwa
240,ZM90,ZM9007,Shang'ombo
241,ZM20,ZM2001,Chililabombwe
242,ZM90,ZM9001,Kalabo
243,ZM11,ZM1116,Kanchibiya
244,ZM50,ZM5008,Shibuyunji
245,ZM70,ZM7008,Ikelenge
246,ZM50,ZM5002,Kafue
247,ZM90,ZM9014,Nkeyema
248,ZM3003,030204405,Kazimule
249,ZM8013,090412219,Luyaba
250,ZM8010,091013211,Manchanvwa
251,ZM8011,091113308,Maamba
252,ZM70,ZM7011,Mushindano
253,ZM40,ZM4005,Mwense
254,ZM3003,030204402,Khova
255,ZM8010,091013212,Sinadambwe
256,ZM8011,091113306,Mweemba
257,ZM4005,040506419,Pabekabesa
258,ZM4005,040506313,Nsomfi
259,ZM4006,040606602,Mwatishi
260,ZM4004,040406001,Chiswishi
261,ZM4012,040205719,Kakose
262,ZM8005,090512103,Nguba
263,ZM8005,090512101,Moomba
264,ZM70,ZM7004,Mufumbwe
265,ZM30,ZM3012,Sinda
266,ZM8013,090412222,Mbwiko
267,ZM8011,091113302,Namazambwe
268,ZM8011,091113309,Mweezya
269,ZM8011,091113301,Mabinga
270,ZM4005,040506312,Munwa
271,ZM11,ZM1113,Isoka
272,ZM90,ZM9002,Kaoma
273,ZM60,ZM6003,Lupososhi
274,ZM7003,080510708,Kikonge
275,ZM7004,080510712,Mushima
276,ZM7002,080310510,Kamafwafwa
277,ZM40,ZM4010,Chipili
278,ZM80,ZM8007,Mazabuka
279,ZM40,ZM4009,Chifunabuli
280,ZM7004,080510705,Kalambu
281,ZM7004,080510713,Musonweji
282,ZM7010,080310522,Chikonkwelo
283,ZM7003,080410617,Nyoka
284,ZM7003,080410609,Kalombe
285,ZM7003,080410620,Kanongo
286,ZM3001,030103708,Naviruli
287,ZM90,ZM9016,Sioma
288,ZM11,ZM1118,Mpika
289,ZM8013,090412221,Siamafumba
290,ZM10,ZM1003,Kapiri Mposhi
291,ZM30,ZM3003,Chipata
292,ZM7004,080510706,Chizera
293,ZM2005,020502519,Chilabula
294,ZM50,ZM5005,Chilanga
295,ZM30,ZM3009,Chipangali
296,ZM7004,080510707,Shukwe
297,ZM7004,080510716,Miluji
298,ZM7002,080310511,Kabompo
299,ZM7003,080410621,Kamankechi
300,ZM7003,080410607,Dengwe
301,ZM3001,030103712,Tafelansoni
302,ZM3003,030204220,Kanjala
303,ZM3010,030204307,Chingazi
304,ZM8013,090412220,Zimba
305,ZM8013,090412218,Simwatachela
306,ZM8010,091013208,Kariba
307,ZM8011,091113312,Nangombe
308,ZM2007,020702904,Mutaba
309,ZM11,ZM1117,Lavushimanda
310,ZM30,ZM3002,Chasefu
311,ZM7004,080510710,Kalengwa
312,ZM7002,080310520,Lunyiwe
313,ZM7002,080310515,Mumbeji
314,ZM7003,080410613,Mukinge
315,ZM7003,080410602,Mbelauke
316,ZM3001,030103815,Khumba
317,ZM3003,030103703,Manje
318,ZM8010,091013210,Mulima
319,ZM60,ZM6007,Mbala
320,ZM7004,080510704,Kamabuta
321,ZM7004,080510709,Munyambala
322,ZM7002,080310518,Maveve
323,ZM7003,080410619,Mukunashi
324,ZM7003,080410608,Njenga
325,ZM7003,080410605,Mukema
326,ZM3001,030103707,Chilenga
327,ZM8011,091113314,Malima
328,ZM60,ZM6012,Senga Hill
329,ZM7004,080510701,Kashima West
330,ZM7002,080310521,Kayombo
331,ZM7002,080310517,Katuva
332,ZM7003,080410612,Nkenyauna
333,ZM7003,080410603,Ingwe
334,ZM30,ZM3005,Lundazi
335,ZM7004,080510703,Matushi
336,ZM7004,080510711,Kabi Pupu
337,ZM7002,080310514,Kabulamema
338,ZM7003,080410611,Kikonkomeme
339,ZM7003,080410615,Lubofu
340,ZM3001,030103816,Mwangazi
341,ZM3001,030103704,Chanjowe
342,ZM3009,030204117,Rukuzye
343,ZM3003,030204403,Makangila
344,ZM8013,090412217,Mulamfu
345,ZM8011,091113311,Sinazongwe
346,ZM8011,091113307,Muchekwa
347,ZM4005,040506418,Kapela
348,ZM4005,040506417,Chachacha
349,ZM4001,040106513,Mununga
350,ZM4006,040606612,Mofwe
351,ZM4002,040606610,Mulwe
352,ZM4006,040606611,Shabo
353,ZM4004,040406007,Fibalala
354,ZM40,ZM4002,Kawambwa
355,ZM20,ZM2010,Ndola
356,ZM90,ZM9015,Sikongo
357,ZM7004,080510715,Lalafuta
358,ZM8005,090512102,Chooma
359,ZM8006,090612301,Freedom
360,ZM8006,090612304,Namatama
361,ZM8002,090211810,Bbondo
362,ZM4007,040706716,Isamba
363,ZM8004,090412010,Mayoba
364,ZM8009,090913108,Mandondo
365,ZM8009,090913102,Ngabo
366,ZM4001,040106501,Lunchinda
367,ZM4001,040106509,Kalobwa
368,ZM8007,090712621,Lubombo
369,ZM8008,090812706,Hamangaba
370,ZM8008,090812707,Choongo East
371,ZM8008,090812808,Chipembele
372,ZM4003,040305905,Chibeleka
373,ZM4010,040506202,Mweshi
374,ZM4002,040205605,Kawambwa
375,ZM8003,090712404,Nansenga
376,ZM8001,090111603,Mangunza
377,ZM8001,090111526,Siasikabole
378,ZM8005,090512107,Sikaunzwe
379,ZM8006,090612305,Kasiya
380,ZM8006,090612307,Mwalibonena
381,ZM8002,090211812,Fumbo
382,ZM4007,040706712,Mano
383,ZM4009,040706809,Chifunauli
384,ZM6001,040706804,Kapamba
385,ZM8004,090411906,Naluja
386,ZM8009,090913112,Namakube
387,ZM8009,090913105,Kantengwa
388,ZM4001,040106504,Lambwe Chomba
389,ZM8012,090111710,Hamaundu
390,ZM8007,090712515,Munenga
391,ZM8007,090712618,Mazabuka Central
392,ZM8008,090812813,Hufwa / Hamapande
393,ZM8008,090812919,Mwanza West
394,ZM4003,040305901,Mutuna
395,ZM4003,040406002,Mulumbi
396,ZM4010,040506206,Nkonge
397,ZM8005,090512114,Mukuni
398,ZM8005,090612312,Simonga
399,ZM8006,090612308,Mulungushi
400,ZM8002,090211808,Luumbo
401,ZM4007,040706717,Kapata
402,ZM8004,090412007,Siachitema
403,ZM8004,090411902,Chamuka
404,ZM8009,090913103,Baambwe
405,ZM4001,040106502,Chipungu
406,ZM4001,040106510,Chitutu
407,ZM8007,090712510,Chivuna
408,ZM8007,090712620,Chizobo
409,ZM8008,090812701,Malundu
410,ZM8008,090812816,Hantotola
411,ZM4011,040706915,Lunga
412,ZM4003,040306110,Mansa
413,ZM4010,040506205,Nalupembe
414,ZM4002,040205808,Ilombe
415,ZM8003,090712408,Upper Kaleya
416,ZM8005,090512110,Kanchele
417,ZM8006,090612316,Nansanzu
418,ZM8011,090211801,Chisanga
419,ZM8002,090211805,Chibuwe
420,ZM4007,040706721,Kapilibila
421,ZM4009,040706801,Masonde
422,ZM8004,090412008,Kalonda
423,ZM8004,090411903,Kasukwe
424,ZM8009,090913110,Mbeza
425,ZM4001,040106503,Luau
426,ZM8012,090111713,Habunkululu
427,ZM8007,090712513,Ngwezi
428,ZM8007,090712622,Nega Nega
429,ZM8008,090812818,Monze Urban
430,ZM8008,090812921,Mwanza East
431,ZM4003,040305902,Misakalala
432,ZM4003,040306108,Muchinka
433,ZM4002,040205606,Ngona
434,ZM8003,090712407,Mabwetuba
435,ZM8001,090111520,Moomba
436,ZM8001,090111518,Stateland
437,ZM8005,090512113,Katapazi
438,ZM8006,090612314,Zambezi
439,ZM8006,090612310,Akapelwa
440,ZM8002,090211807,Kota Kota
441,ZM4009,040706810,Mbabala
442,ZM4009,040706807,Chinkutila
443,ZM8004,090412011,Namwianga
444,ZM8004,090411905,Bbilili
445,ZM8009,090913109,Nakamboma
446,ZM4001,040106507,Ifuna
447,ZM8012,090111711,Maambo
448,ZM8007,090712511,Musuma
449,ZM8008,090812703,Keemba
450,ZM8008,090812815,Katimba
451,ZM4011,040706914,Nkutila
452,ZM4003,040306111,Chansunsu
453,ZM4010,040506203,Mumbwe
454,ZM4002,040205604,Nthumbachushi
455,ZM8003,090712402,Namalundu
456,ZM8001,090111604,Chilalantambo
457,ZM8001,090111519,Nakeempa
458,ZM4007,040706722,Lumamya
459,ZM4009,040706806,Kafumbo
460,ZM8004,090412009,Choonga
461,ZM8004,090411904,Omba
462,ZM8009,090913106,Kabulamwanda
463,ZM4001,040106506,Katete
464,ZM8012,090111712,Kauba
465,ZM8007,090712512,Munjile
466,ZM8007,090712619,Nakambala
467,ZM8008,090812810,Manungu
468,ZM8008,090812811,Chisekesi
469,ZM4003,040305906,Lukangaba
470,ZM4003,040305907,Muleshi
471,ZM4002,040205603,Luela
472,ZM8003,090712401,Kasengo
473,ZM8001,090111607,Mbabala
474,ZM8001,090111521,Kulundana
475,ZM9015,100113626,Mutala
476,ZM9011,100614913,Lwazamba
477,ZM9013,100514504,Makoka
478,ZM9004,100414409,Lui
479,ZM4009,040706805,Kasongole
480,ZM8004,090411901,Chikanta
481,ZM8013,090412014,Sipatunyana
482,ZM8009,090913111,Ndema
483,ZM4008,040306116,Lukola
484,ZM4001,040106511,Munwa
485,ZM8007,090712517,Itebe
486,ZM8008,090812922,Moomba
487,ZM8008,090812817,Bbombo
488,ZM4011,040706919,Nsalushi
489,ZM4003,040306112,Myulu
490,ZM4002,040205601,Senga
491,ZM4002,040205810,Chibote
492,ZM8001,090111601,Simaubi
493,ZM8001,090111527,Namuswa
494,ZM9015,100113618,Lueti
495,ZM9011,100614907,Magumwi
496,ZM9004,100414412,Namengo
497,ZM9006,100414328,Kaande
498,ZM2007,020702906,Katonte
499,ZM8004,090412013,Chawila
500,ZM8009,090913114,Moobola
501,ZM4008,040306115,Luapula
502,ZM4001,040106512,Kalungwishi
503,ZM8007,090712514,Kalama
504,ZM8008,090812809,Ufwenuka
505,ZM8008,090812704,Choongo West
506,ZM8008,090812920,Chona
507,ZM4003,040305904,Mushipashi
508,ZM4003,040306114,Lwingishi
509,ZM4010,040506204,Chibalashi
510,ZM4002,040205802,Kabanse
511,ZM8003,090712403,Musaya
512,ZM8001,090111602,Mapanza
513,ZM8001,090111525,Singani
514,ZM9015,100113621,Maala
515,ZM9013,100514502,Silowana
516,ZM9004,100414414,Mbekise
517,ZM8012,090111708,Kasiya
518,ZM8007,090712516,Mwanachingwala
519,ZM8008,090111709,Pemba
520,ZM8008,090812812,Mayaba
521,ZM8008,090812705,Bweengwa
522,ZM4003,040305903,Kaole
523,ZM4010,040506201,Nsenga
524,ZM4002,040205614,Iyanga
525,ZM4002,040205813,Pambashe
526,ZM8003,090712405,Chitete
527,ZM8001,090111517,Simamvwa
528,ZM9015,100113623,Licha
529,ZM9011,100614908,Sankolonga
530,ZM9011,100614909,Mabumbu
531,ZM9004,100414415,Nakato
532,ZM9004,100414320,Katongo
533,ZM5003,050307105,Mphuka
534,ZM1111,060608713,Mukulika
535,ZM8008,090812814,Hamamvwa
536,ZM1117,040706918,Ncheta
537,ZM4003,040306113,Katangashi
538,ZM4002,040205812,Luongo
539,ZM4002,040205809,Mulunda
540,ZM8003,090712406,Malala
541,ZM8011,090111516,Sikalongo
542,ZM9011,100615015,Maondo
543,ZM9011,100614910,Mwandi
544,ZM9004,100414317,Yeta
545,ZM9004,100414321,Kanyonyo
546,ZM9010,100614806,Machile
547,ZM5003,050307107,Kapoche
548,ZM9012,100615017,Lusu
549,ZM5004,050407816,Kabulonga
550,ZM5004,050407501,Nkoloma
551,ZM5004,050407918,Mulungushi
552,ZM1006,010601420,Nganswa
553,ZM5001,050107302,Chinkuli
554,ZM4002,040205607,Fisaka
555,ZM4002,040205811,Chipili
556,ZM8001,090111605,Macha
557,ZM8001,090111515,Batoka
558,ZM9015,100113624,Lwambi
559,ZM9011,100614914,Mushukula
560,ZM9013,100514505,Kambai
561,ZM9004,100414411,Mutondo
562,ZM9010,100614801,Nawinda
563,ZM5003,050307106,Kabowo
564,ZM5003,050307109,Lunya
565,ZM5004,050407710,Kanyama
566,ZM5004,050407606,Kabwata
567,ZM5004,050408024,Muchinga
568,ZM1006,010601417,Kabamba
569,ZM1006,010601313,Lukusanshi
570,ZM5001,050107305,Kanakantapa
571,ZM9014,100213703,Namilangi
572,ZM1111,060608709,Nakonde
573,ZM9015,100113619,Lulangunyi
574,ZM9001,100113625,Nengu
575,ZM9013,100514503,Shekela
576,ZM9004,100414413,Nakanyaa
577,ZM9010,100614803,Lwamuloba
578,ZM5003,050307103,Mandombe
579,ZM9012,100615019,Kalobolelwa
580,ZM5004,050408129,Chainda
581,ZM5004,050407712,Munkolo
582,ZM5004,050407920,Chaisa
583,ZM1006,010601418,Ibolelo
584,ZM5001,050107303,Ntandabale
585,ZM9005,100514615,Lumbe
586,ZM5002,050207001,Chiyaba
587,ZM5002,050207006,Kafue
588,ZM9001,100113504,Salunda
589,ZM9001,100113417,Kandambo
590,ZM9002,100213920,Mangango
591,ZM9002,100213919,Kapili
592,ZM9001,100113627,Mwenyi
593,ZM9011,100614911,Simungoma
594,ZM9013,100514507,Muoyo
595,ZM9004,100414410,Imalyo
596,ZM9004,100414316,Namushakende
597,ZM5003,050307102,Nkaliva
598,ZM5003,050307111,Chikoma
599,ZM9007,100714701,Mambolomoka
600,ZM5004,050407814,Independence
601,ZM5004,050407711,Harry Mwaanga Nkumbula
602,ZM5004,050408131,Kalingalinga
603,ZM1006,010601316,Masaninga
604,ZM5001,050408132,Chakunkula
605,ZM9005,100514610,Imatongo
606,ZM5002,050207003,Malundu
607,ZM9001,100113501,Siluwe
608,ZM9001,100113412,Buleya
609,ZM1119,060208421,Chimpundu
610,ZM9015,100113622,Liumena
611,ZM9011,100614912,Loanja
612,ZM9013,100514506,Katabi
613,ZM9004,100414326,Lealui
614,ZM5003,050307114,Kaunga
615,ZM5003,050307112,Mburuma
616,ZM5004,050407609,Kamulanga
617,ZM5004,050407608,Chilenje
618,ZM5004,050408028,Matero
619,ZM1006,010601312,Chisomo
620,ZM1006,010601314,Sancha
621,ZM5001,050107307,Nakatindi
622,ZM9005,100514613,Lipuwe
623,ZM5002,050207009,Kasenje
624,ZM9001,100113411,Yuka
625,ZM1119,060208420,Ichingo
626,ZM9002,100213916,Namafulo
627,ZM5007,050107411,Mwachilele
628,ZM1002,010200411,Kangomba
629,ZM1002,010200405,Bwacha
630,ZM5008,010500917,Lutondo
631,ZM9003,100314006,Kangoti
632,ZM9004,100414318,Kama
633,ZM5003,050307101,Dzalo
634,ZM5003,050307113,Mwalilia
635,ZM9012,100615020,Imusho
636,ZM5004,050407605,Kamwala
637,ZM5004,050408025,Kapwepwe
638,ZM5004,050407917,Roma
639,ZM5001,050107309,Manyika
640,ZM5001,050107310,Lwimba
641,ZM9005,100514614,Naluywa
642,ZM9001,100113506,Kuuli
643,ZM9001,100113413,Lutiwi
644,ZM1119,060208412,Chamusenga
645,ZM9008,100213812,Lui
646,ZM5007,050107412,Nyangwena
647,ZM1002,010200519,Chirwa
648,ZM1002,010200408,Makululu
649,ZM9003,100314001,Simakumba
650,ZM1003,010300607,Chibwelelo
651,ZM1008,010601202,Mpelembe
652,ZM1111,060608704,Musyani
653,ZM9010,100614802,Kamanga
654,ZM5003,050307104,Phwazi
655,ZM5003,050307110,Katondwe
656,ZM5004,050407504,Lilayi
657,ZM5004,050407813,Silwizya
658,ZM5004,050408026,Lima
659,ZM5004,050408130,Mtendere
660,ZM1006,010601315,Chibale
661,ZM5001,050107308,Lukoshi
662,ZM9005,100514611,Imatanda
663,ZM5002,050207004,Chisankane
664,ZM9001,100113502,Likulundundu
665,ZM9001,100113408,Mapungu
666,ZM1119,060208419,Mwiche
667,ZM9002,100213706,Mulamatila
668,ZM5007,050107413,Bunda Bunda
669,ZM1002,010200414,Munga
670,ZM1002,010200517,Luansase
671,ZM1002,010200523,Highridge
672,ZM5008,010500919,Kalundu
673,ZM9003,100314012,Namayula
674,ZM1118,060501013,Musakanya
675,ZM2010,021003316,Chichele
676,ZM8005,100614805,Mulobezi
677,ZM5003,050307115,Mankhokwe
678,ZM5004,050407815,Lubwa
679,ZM5004,050407502,Chawama
680,ZM5004,050407919,Ngwerere
681,ZM1006,010601421,Lupiya
682,ZM5001,050107306,Chalimbana
683,ZM9014,100213707,Longe
684,ZM5002,050207011,Chikupi
685,ZM9001,100113416,Nguma
686,ZM9001,100113505,Sishekanu
687,ZM9001,100113414,Ndoka
688,ZM1119,060208418,Mayembe
689,ZM9002,100213921,Kanabilumbu
690,ZM1003,010200402,Muwowo East
691,ZM1002,010200521,Justine Kabwe
692,ZM1002,010200520,Njanji
693,ZM9003,100314003,Dongwe
694,ZM9003,100314010,Kawaya
695,ZM1003,010300614,Kapumba
696,ZM9012,100615018,Luampungu
697,ZM5004,050407607,Libala
698,ZM5004,050408133,Munali
699,ZM1008,010601422,Musangashi
700,ZM5001,050107301,Kapwayambale
701,ZM9014,100213705,Litoya
702,ZM5002,050207002,Kambale
703,ZM5005,050207005,Lukolongo
704,ZM9001,100113507,Libonda
705,ZM1119,060208415,Mukumbi
706,ZM1119,060208416,Mwila Kabuswe
707,ZM9002,100213917,Luambuwa
708,ZM5007,050107416,Mankanda
709,ZM1002,010200412,Chinyanja
710,ZM1002,010200526,Nakoli
711,ZM1002,010200406,Kawama
712,ZM9003,100314002,Kamilende
713,ZM2010,021003608,Yengwe
714,ZM9005,100514612,Wanyau
715,ZM9005,100514617,Mata
716,ZM5002,050207010,Muungu
717,ZM9001,100113409,Luanginga
718,ZM1119,060208413,Muchinga
719,ZM9002,100213918,Mushwala
720,ZM5007,050107415,Rufunsa
721,ZM1002,010200415,Chililalila
722,ZM1002,010200410,Zambezi
723,ZM5008,010500918,Chabota
724,ZM9003,100314005,Mwito
725,ZM1003,010300611,Lunchu
726,ZM1003,010300612,Changondo
727,ZM1008,010601309,Kanona
728,ZM9009,100314114,Muyondoti
729,ZM1009,090313011,Basanga
730,ZM9006,100414205,Nangula
731,ZM9005,100514609,Mwanambuyu
732,ZM5002,050207008,Shabusale
733,ZM9001,100113410,Liumba
734,ZM1119,060208422,Nkulungwe
735,ZM1119,060208417,Chibinda
736,ZM9002,100213922,Shikombwe
737,ZM5007,050107414,Nyamanongo
738,ZM1002,010200518,Waya
739,ZM1002,010200524,Kalonga
740,ZM1002,010200409,Moomba
741,ZM5008,010500921,Makombwe
742,ZM9003,100314007,Lukau
743,ZM1003,010300606,Mpunde
744,ZM1008,010601203,Chipundu
745,ZM9009,100314119,Lutembwe
746,ZM1009,090313003,Kaanzwa
747,ZM9006,100414202,Mabili
748,ZM9006,100414201,Limulunga
749,ZM1112,060104015,Mabinga
750,ZM2010,021003607,Nkwazi
751,ZM9002,100213702,Shitwe
752,ZM5007,050107417,Shikabeta
753,ZM1002,010200413,Munyama
754,ZM1002,010200527,Kaputula
755,ZM5008,010500920,Milandu
756,ZM9003,100314009,Mbanga
757,ZM9003,100314011,Mwandi
758,ZM1003,010300613,Kakwelesa
759,ZM1008,010601204,Luombwa
760,ZM9009,100314117,Lupui
761,ZM1009,090913101,Namwala Central
762,ZM1009,090313010,Luubwe
763,ZM9006,100414206,Ushaa
764,ZM1112,060104018,Chibungwe
765,ZM1112,060103909,Kalinkhu
766,ZM1005,010501008,Nambala
767,ZM1005,010501115,Choma
768,ZM1113,060308609,Mpungu
769,ZM1002,010200401,Muwowo
770,ZM1002,010200403,Ngungu
771,ZM1002,010200525,Luangwa
772,ZM5008,010500922,Nampundwe
773,ZM9003,100314013,Luanchuma
774,ZM1003,010300608,Kapiri Central
775,ZM1003,010300610,Mushimbili
776,ZM9009,100314116,Mataba
777,ZM1009,090313007,Kabulungwe
778,ZM1009,090313006,Nyambo
779,ZM1112,060104022,Mapamba
780,ZM1112,060104014,Bazimu
781,ZM1005,010501001,Nalusanga
782,ZM1005,010501005,Mumba
783,ZM1011,010300601,Ngabwe
784,ZM1114,060208309,Ichinga
785,ZM1010,010400814,Nkombashi
786,ZM2007,020703108,Kashitu
787,ZM1002,010200522,Kavid Ramushu
788,ZM9003,100314004,Kashamba
789,ZM1003,010300604,Chipepo
790,ZM2007,010300609,Kashitu
791,ZM9009,100314121,Kashizhi
792,ZM1009,090313002,Itumbi
793,ZM1009,090313005,Makunku
794,ZM1112,060104013,Chipala
795,ZM1112,060103911,Mwalala
796,ZM1112,060103903,Luangwa
797,ZM1005,010501006,Mupona
798,ZM1114,060208302,Chilunda
799,ZM5005,050207212,Chilanga
800,ZM8003,091013201,Ibwe Munyama
801,ZM1004,010400704,Chibefwe
802,ZM1117,060509921,Chikanda
803,ZM1116,060509807,Chinama
804,ZM9003,100314008,Likapai
805,ZM1006,010601207,Muchinka
806,ZM1008,010601311,Kabansa
807,ZM9009,100314115,Nyaala
808,ZM1009,090313013,Mbila
809,ZM9006,100414208,Ndanda
810,ZM1112,060104019,Lunzi
811,ZM1112,060103905,Ndunda
812,ZM1005,010501110,Nakasaka
813,ZM9008,100213815,Luampa
814,ZM1114,060208307,Chambeshi
815,ZM1010,010400816,Chipaba
816,ZM1004,010400702,Upper Lunsemfwa
817,ZM1117,060509809,Lulimala
818,ZM1116,060509806,Munikashi
819,ZM1118,060501018,Chipembele
820,ZM1003,010300603,Luanchele
821,ZM1008,010601201,Lulimala
822,ZM1008,010601310,Serenje
823,ZM9009,100314122,Chinonwe
824,ZM1009,090313012,Luchena
825,ZM9006,100414203,Ikwichi
826,ZM1112,060104020,Vilimukulu
827,ZM1005,010501002,Lutale
828,ZM1005,010501111,Nangoma
829,ZM9008,100213809,Namando
830,ZM5005,050207217,Chinyanja
831,ZM1001,050207215,Nyemba
832,ZM5006,091013204,Ngombe Ilede
833,ZM1004,010400705,Nkumbi
834,ZM1113,060308602,Kantenshya
835,ZM2002,020201708,Kapisha
836,ZM1008,010601206,Chitambo
837,ZM9009,100314120,Mitete
838,ZM1009,090313009,Masemu
839,ZM9006,100414204,Namboma
840,ZM1112,030404805,Kajilime
841,ZM1112,060103912,Muchinga
842,ZM1005,010501003,Kalwanyembe
843,ZM1005,010501113,Shiohanzu
844,ZM9005,100213811,Mulwa
845,ZM1114,060208308,Lubwa
846,ZM5005,050207214,Namalombwe
847,ZM5006,091013206,Lusitu
848,ZM1004,010400708,Matuku
849,ZM1118,060509920,Muchinga
850,ZM1118,060509803,Mumbubu
851,ZM2005,020502414,Mipundu
852,ZM1008,010601205,Chalilo
853,ZM9009,100314118,Kakwacha
854,ZM1005,010501114,Nalubanda
855,ZM1009,090313008,Lubanda
856,ZM9006,100414207,Simaa
857,ZM1112,060104017,Lumezi
858,ZM1112,060103908,Mphalausenga
859,ZM1005,010501009,Shimbizhi
860,ZM9008,100213810,Nyambi
861,ZM1114,060208311,Munwakubili
862,ZM1114,060208301,Itapa
863,ZM5005,050207216,Nakachenje
864,ZM5002,091013202,Musaya
865,ZM1004,010400706,Munshibemba
866,ZM1118,060501016,Nachikufu
867,ZM1008,010601308,Mailo
868,ZM1009,090313001,Itezhi Tezhi
869,ZM1009,090313004,Banamwaze
870,ZM1112,060103901,Mazonde
871,ZM1112,060104016,Lupamazi
872,ZM1112,060103902,Nkhankha
873,ZM1005,010501112,Myooye
874,ZM9002,100213813,Nkenga
875,ZM1114,060208306,Chipanga
876,ZM5005,050207213,Chilongolo
877,ZM5006,091013205,Sikoongo
878,ZM1004,010400709,Tembwe
879,ZM1116,060509804,Lubaleshi
880,ZM1118,060501017,Mutekwe
881,ZM1111,060608710,Old Fife
882,ZM1112,060104021,Chilenje
883,ZM1112,060103910,Kamphemba
884,ZM1112,060103904,Chisunga
885,ZM1005,010501004,Mpusu
886,ZM9008,100213814,Mbanyutu
887,ZM1114,060208305,Malalo
888,ZM1010,010400812,Kalwa
889,ZM1004,010400710,Munda
890,ZM1004,010400707,Nshinso
891,ZM1116,060509805,Lulingila
892,ZM1111,060608701,Mulalo
893,ZM1111,060608703,Ngumba
894,ZM1113,060308605,Itukuta
895,ZM1112,060103906,Mbazi
896,ZM1112,060103907,Manthepa
897,ZM1005,010501007,Chibolyo
898,ZM1005,010501116,Chisalu
899,ZM1001,010300605,Kapandwe
900,ZM1114,060208304,Kaunga
901,ZM1010,010400817,Mwalala
902,ZM5006,091013207,Nanyanga
903,ZM1004,010400711,Chikanda
904,ZM1117,060509808,Lukulu
905,ZM1118,060501011,Mukungwa
906,ZM1118,060501015,Chishibe Isonde
907,ZM1111,060608708,Isunda
908,ZM1113,060308608,Luangwa
909,ZM1113,060308603,Sasamwenjue
910,ZM1001,010100209,Mungule
911,ZM1011,010300602,Mukubwe
912,ZM1114,060208303,Chilinda
913,ZM1010,010400813,Chingombe
914,ZM5006,091013203,Chirundu
915,ZM1004,010400703,Chalata
916,ZM1118,060509919,Chifungwe
917,ZM1116,060509802,Mansha
918,ZM1111,060608707,Ilonda
919,ZM1111,060608702,Luchinde
920,ZM1115,060408510,Mafinga
921,ZM1115,060408515,Kakoma
922,ZM1001,010100318,Chitanda
923,ZM1001,010100319,Mashikili
924,ZM1004,010400701,Mosofu
925,ZM1118,060501012,Lwitikila
926,ZM1111,060608711,Musele
927,ZM1113,060608712,Mpande
928,ZM1115,060408517,Kalanga
929,ZM1115,060408516,Luhoka
930,ZM1001,010100322,Ipongo
931,ZM1001,010100320,Keembe
932,ZM1001,010100212,Kabile
933,ZM1001,010100208,Chunga
934,ZM1001,010100317,Chibimbi
935,ZM5004,050407922,Raphael Chota
936,ZM1007,010100103,Chinkokomene
937,ZM2009,020902812,Bwananyina
938,ZM2009,020902709,Leya Mukutu
939,ZM2009,020902705,Bwafwano
940,ZM2009,020902813,David Kaunda
941,ZM2009,020902815,Kamuchanga
942,ZM2009,020902820,Hanky Kalanga
943,ZM2009,020902819,Kawama
944,ZM2009,020902627,Fibusa
945,ZM2009,020902818,Kafue
946,ZM2010,021003609,Chipulukusu
947,ZM1117,060509922,Mupamazi
948,ZM1116,060509810,Chibwa
949,ZM1111,060608705,Popomozi
950,ZM1113,060308607,Nkombwa
951,ZM1113,060308601,Kasoka
952,ZM1115,060408513,Thendere
953,ZM1115,060408512,Mukutu
954,ZM1001,010100321,Lunjofwa
955,ZM1001,010100210,Muchenje
956,ZM1001,010100313,Chaloshi
957,ZM1001,010100315,Kakoma
958,ZM1007,010100106,Liteta
959,ZM1007,010100102,Mulungushi
960,ZM2009,020902707,Shinde
961,ZM2009,020902706,Mulungushi
962,ZM2009,020902814,Chachacha
963,ZM2009,020902622,Buntungwa
964,ZM1116,060509801,Chambeshi
965,ZM1111,060608706,Chiwanza
966,ZM1113,060308604,Kapililonge
967,ZM1115,060408514,Bemba
968,ZM1115,060408511,Ntonga
969,ZM1001,010100314,Kalola
970,ZM1001,010100211,Chilochabalenge
971,ZM1001,010100207,Katuba
972,ZM5004,050407923,Mpulungu
973,ZM1007,010100104,Chamuka
974,ZM1007,010100105,Chisamba
975,ZM1007,010100101,Mushishi
976,ZM2009,020902624,Luansobe
977,ZM2009,020902710,David Kaunda
978,ZM2009,020902704,Maina Soko
979,ZM2009,020902703,Francis Mukuka
980,ZM2009,020902816,Kasempa
981,ZM2009,020902702,Mulundu
982,ZM2009,020902701,Minambe
983,ZM2009,020902626,Kwancha
984,ZM2010,021003524,Skyways
985,ZM9015,100113620,Tuuwa
986,ZM9013,100514501,Lyamakumbi
987,ZM9013,100514508,Nanjucha
988,ZM9004,100414327,Mabumbu
989,ZM9010,100614804,Sichili
990,ZM5003,050307108,Chiriwe
991,ZM9012,100615016,Mulimambango
992,ZM5005,050408027,Mwembeshi
993,ZM5004,050407503,John Howard
994,ZM5004,050407921,Justine Kabwe
995,ZM1006,010601419,Muchinga
996,ZM5001,050107304,Chongwe
997,ZM9014,100213704,Nkeyema
998,ZM9005,100514616,Sibukali
999,ZM5002,050207007,Matanda
1000,ZM9001,100113503,Luola
1001,ZM9001,100113415,Namulilo
1002,ZM9002,100213701,Lalafuta
1003,ZM9008,100213808,Naliele
1004,ZM1002,010200516,Mpima
1005,ZM1002,010200407,Ben Kapufi
1006,ZM2010,021003401,Pamodzi
1007,ZM2010,021003317,Kantolomba
1008,ZM2010,021003315,Mushili
1009,ZM2007,020702902,Majaliwa
1010,ZM2007,020703112,Masangano
1011,ZM2010,020703113,Lumano
1012,ZM6007,070509501,Intala
1013,ZM6012,070509715,Chinyika
1014,ZM6009,070610201,Lumangwe
1015,ZM6002,070610120,Lunte
1016,ZM6005,070309002,Bululu
1017,ZM6005,070309110,Mukanga
1018,ZM6003,070409403,Mushinga
1019,ZM6001,070409411,Bwalinde
1020,ZM6008,070208801,Kapisha
1021,ZM6008,070208810,Fungwa
1022,ZM2001,020101516,Yeta
1023,ZM2001,020101509,Kafue
1024,ZM2002,020201624,Ipafu
1025,ZM2002,020201618,Maiteneke
1026,ZM2010,021003627,Dag Hammerskjoeld
1027,ZM2010,021003525,Masala
1028,ZM2007,020702907,Ishitwe
1029,ZM2007,020703109,Luansobe
1030,ZM2008,020803205,Mpongwe
1031,ZM2008,020803210,Mikata
1032,ZM6012,070509714,Mwiluzi
1033,ZM6009,070610204,Chishamwamba
1034,ZM6002,070610119,Kalungwishi
1035,ZM6005,070309001,Kasenga
1036,ZM6005,070309114,Chibundu
1037,ZM6003,070409404,Katilye
1038,ZM6008,070208809,Chubo
1039,ZM6008,070208806,Kakusu
1040,ZM2001,020101518,Kamina
1041,ZM2001,020101514,Helen Kaunda
1042,ZM2002,020201623,Kalilo
1043,ZM2002,020201616,G Chifwembe
1044,ZM2002,020201706,Kabundi
1045,ZM2010,021003312,Munkulungwe
1046,ZM2007,020702901,Mwatishi
1047,ZM2007,020703116,Chilulu
1048,ZM2008,020803207,Kasamba
1049,ZM6007,070509506,Kawimbe
1050,ZM6012,070509711,Malamba
1051,ZM6009,070610202,Chikulu
1052,ZM6009,070610117,Masonde
1053,ZM6011,070809212,Mabula
1054,ZM6005,070309115,Kapongolo
1055,ZM6003,070409402,Kaela
1056,ZM6006,070409317,Chulungoma
1057,ZM6008,070208805,Kampinda
1058,ZM2001,020101502,Iyanda
1059,ZM2001,020101517,Ngebe
1060,ZM2001,020101504,Anoya Zulu
1061,ZM2002,020201619,Chitimukulu
1062,ZM2002,020201705,Buntungwa
1063,ZM6010,070709611,Vyamba
1064,ZM6011,070809202,Mpanda
1065,ZM6011,070809213,Mfinshe
1066,ZM2007,020703114,Katuba
1067,ZM2007,020703110,Chinondo
1068,ZM2008,020803201,Luswishi
1069,ZM2008,020803212,Musofu
1070,ZM6007,070509504,Mwambezi
1071,ZM6009,070610207,Muchinga
1072,ZM6002,070610122,Lubushi
1073,ZM6005,070309005,Julia Chikamoneka
1074,ZM6005,070309117,Chumba
1075,ZM6003,070409405,Kafinsa
1076,ZM6006,070409321,Lwata
1077,ZM6008,070208807,Kashikishi
1078,ZM2001,020101521,Nakatindi
1079,ZM2002,020201626,Mutenda
1080,ZM2002,020201620,Chikola
1081,ZM6007,070709612,Chisha
1082,ZM6010,070709603,Chibulula
1083,ZM2005,020502526,Kansengu
1084,ZM2005,020502406,Buntungwa
1085,ZM2005,020502527,Kawama
1086,ZM2007,020703111,Mishikishi
1087,ZM2008,020803203,Munkumpu
1088,ZM2008,020803209,Kalweo
1089,ZM6012,070509713,Chela
1090,ZM6009,070610203,Mumbulama
1091,ZM6002,070610121,Kanyanta
1092,ZM6005,070309003,Chilunga
1093,ZM6005,070309111,Lualuo
1094,ZM6003,070409409,Ilambo
1095,ZM6006,070409318,Masonde
1096,ZM6008,070208803,Chisela
1097,ZM2002,020101513,Silwizya
1098,ZM2001,020101522,Mumba
1099,ZM2002,020201701,Kwacha
1100,ZM2002,020201617,Chabanyama
1101,ZM2002,020201707,Kasala
1102,ZM6010,070709604,Mpulungu Central
1103,ZM6011,070809209,Ngulula
1104,ZM2005,020502409,James Phiri
1105,ZM2005,020502517,Lumumba
1106,ZM2005,020502515,Kafubu
1107,ZM2007,020702903,Chondwe
1108,ZM2007,020703115,Shimibanga
1109,ZM6012,070509716,Ipembe
1110,ZM6012,070509710,Lapisha
1111,ZM6009,070610208,Chimpolonge
1112,ZM6002,070610118,Luangwa
1113,ZM6005,070309006,Lukupa
1114,ZM6005,070309116,Musowa
1115,ZM6003,070409410,Ibale
1116,ZM6006,070409319,Chifwile
1117,ZM2001,020101507,Chitambi
1118,ZM2001,020101515,Chitimukulu
1119,ZM2001,020101503,Joseph Mwila
1120,ZM2002,020201611,Musenga
1121,ZM2002,020201702,Nchanga
1122,ZM2002,020201709,Luano
1123,ZM6010,070709605,Tanganyika
1124,ZM6011,070809210,Mungwi
1125,ZM2005,020502523,Baluba
1126,ZM2005,020502524,Milaushi
1127,ZM2006,020301819,Kafue
1128,ZM2006,020603006,Chibanga
1129,ZM2007,020702905,Miengwe
1130,ZM2008,020803204,Kashiba
1131,ZM6007,070509505,Nsunzu
1132,ZM6007,070509507,Mwamba
1133,ZM6012,070509709,Mukololo
1134,ZM6009,070610209,Mutotoshi
1135,ZM6002,070610114,Malambwa
1136,ZM6005,070309007,Mulilansolo
1137,ZM6003,070409412,Mwelawamangu
1138,ZM6003,070409407,Mulalashi
1139,ZM6006,070409316,Namukolo
1140,ZM6008,070208808,Mwambeshi
1141,ZM2001,020101519,Mukuka
1142,ZM2001,020101508,Kakoso
1143,ZM2002,020201612,Kasompe
1144,ZM2002,020201627,Chingola
1145,ZM6010,070709613,Isunga
1146,ZM6010,070709601,Kapembwa
1147,ZM2005,020502528,Muva Hill
1148,ZM2005,020502521,Justine Kabwe
1149,ZM2005,020502403,Twashuka
1150,ZM2007,020703117,Miputu
1151,ZM2008,020803206,Kanyenda
1152,ZM6007,070509502,Moto Moto
1153,ZM6012,070509712,Chimbili
1154,ZM6002,070610210,Mabale
1155,ZM6002,070610116,Bwandela
1156,ZM6005,070309109,Lusenga
1157,ZM6005,070309112,Chiba
1158,ZM6003,070409401,Itandashi
1159,ZM6006,070409413,Isansa
1160,ZM6004,070208922,Munkonge
1161,ZM6009,070208811,Mukubwe
1162,ZM2001,020101512,James Phiri
1163,ZM2001,020101510,Mvula
1164,ZM2002,020201625,Muchinshi
1165,ZM2002,020201621,Chiwempala
1166,ZM2002,020201704,Nsansa
1167,ZM6010,070709610,Itimbwe
1168,ZM6011,070809201,Lubala
1169,ZM2005,020502411,Miko Mfwa
1170,ZM2005,020502412,Zambezi
1171,ZM2008,020803208,Ibenga
1172,ZM2008,020803213,Impumbu
1173,ZM6007,070509508,Lwandi
1174,ZM6012,070509717,Chozi
1175,ZM6002,070610111,Kasanshi
1176,ZM6002,070610112,Isenga
1177,ZM6005,070309008,Buseko
1178,ZM6001,070409322,Isangano
1179,ZM6003,070409406,Kampemba
1180,ZM6006,070409314,Ipusukilo
1181,ZM6008,070208802,Nsumbu
1182,ZM2001,020101505,Kawama
1183,ZM2001,020101511,Mathew Nkoloma
1184,ZM2001,020902625,Butondo
1185,ZM2002,020201710,Bupalo
1186,ZM2002,020201703,Sekela
1187,ZM2002,020201622,Kabungo
1188,ZM6010,070709602,Katwe
1189,ZM6011,070809204,Fibwe
1190,ZM2005,020502407,Mpelembe
1191,ZM2005,020502522,Nkulumashimba
1192,ZM2005,020502404,Chitwi
1193,ZM2008,020803202,Kasonga
1194,ZM2008,020803211,Nampamba
1195,ZM6007,070509503,Kazimolwa
1196,ZM6002,070610115,Malaila
1197,ZM6009,070610205,Mikomba
1198,ZM6002,070610113,Nchelenje
1199,ZM6005,070309113,Kapumaula
1200,ZM6005,070309004,Lukulu
1201,ZM6003,070409408,Mufili
1202,ZM6006,070409315,Katopola
1203,ZM6008,070208804,Munwa
1204,ZM2001,020101506,Miteta
1205,ZM2001,020101520,Yotam Muleya
1206,ZM2002,020201614,Lulamba
1207,ZM2002,020201615,Twatasha
1208,ZM6010,070709608,Iyendwe
1209,ZM6010,070709606,Chilumba
1210,ZM6011,070809207,Kalungu
1211,ZM2005,020502518,Kafue
1212,ZM2005,020502401,Misaka
1213,ZM6010,070709607,Isoko
1214,ZM6011,070809203,Kabisha
1215,ZM6011,070809206,Iyaya
1216,ZM2005,020502516,Nkoloma
1217,ZM2005,020502408,Buteko
1218,ZM2006,020603002,Kabundia
1219,ZM2003,020201613,Mimbula
1220,ZM2009,020902811,Mutundu
1221,ZM2004,020301812,Ngweshi
1222,ZM2004,020402320,Chibote
1223,ZM2004,020402109,Ipusukilo
1224,ZM6001,070108206,Katamba
1225,ZM6001,070108217,Kapoka
1226,ZM6001,070108220,Bumba
1227,ZM6004,070208921,Kapulwa
1228,ZM7007,080811305,Chilenga Chizenzi
1229,ZM7005,080610805,Kapundu
1230,ZM7005,080610812,Ntambu
1231,ZM3007,030605210,Mombe
1232,ZM6010,070709609,Mumila
1233,ZM6011,070809208,Fube
1234,ZM6011,070809211,Chabeshi
1235,ZM2005,020502413,Mulungushi
1236,ZM2005,020502525,Ngebe
1237,ZM2006,020603004,Kansonka
1238,ZM2003,020301821,Chati
1239,ZM2004,020301807,Ichimpe
1240,ZM2004,020301816,Chisupa
1241,ZM2004,020401902,Twatasha
1242,ZM2004,020402112,Lubwa
1243,ZM6001,070108210,Mpanshya
1244,ZM6001,070108216,Kanchindi
1245,ZM6001,070108209,Mofu
1246,ZM6004,070208920,Mwawe
1247,ZM7007,080811413,Liyovu
1248,ZM7005,080610808,Kasampula
1249,ZM7005,080610811,Chisasa
1250,ZM2001,020101501,Chilimina
1251,ZM3007,030605207,Nyimba
1252,ZM6011,070809205,Chamfubu
1253,ZM2005,020502410,Levi Chito
1254,ZM2005,020502520,Mpatamatu
1255,ZM2005,020502402,Fisenge
1256,ZM2006,020603003,Boso
1257,ZM2003,020301820,Chankalamo
1258,ZM2003,020301802,Chambishi
1259,ZM2004,020301811,Luapula
1260,ZM2004,020401905,Lubuto
1261,ZM2004,020402321,Wusakile
1262,ZM2004,020401901,Itimpi
1263,ZM6001,070108218,Kawena
1264,ZM6001,070409320,Mushituwamboo
1265,ZM7007,080811301,Lukunyi
1266,ZM7007,080811414,Muyembe
1267,ZM7007,080811306,Lwitadi Lwatembo
1268,ZM7005,080610803,Mulumbi
1269,ZM7009,080711213,Mumena
1270,ZM3007,030605206,Mtilizi
1271,ZM2006,020603012,Mwelushi
1272,ZM2006,020603005,Kafubu
1273,ZM2006,020603010,Bulaya
1274,ZM2003,020301806,Mwambashi
1275,ZM2004,020402110,Chantete
1276,ZM2004,020301813,Kalengwa
1277,ZM2004,020402319,Chamboli
1278,ZM2004,020402228,Kamakonde
1279,ZM6001,070108212,Kambashi
1280,ZM6001,070108208,Lwenda
1281,ZM6004,070208912,Chiyilunda
1282,ZM7007,080811412,Likungu
1283,ZM7007,080811308,Chitokokoki
1284,ZM7007,080811304,Mukanda Nkunda
1285,ZM7005,080610809,Lumwana
1286,ZM3007,030605212,Chinambi
1287,ZM3007,030605208,Kaliwe
1288,ZM3004,030304510,Katiula
1289,ZM3004,030304616,Lukweta
1290,ZM3002,030405017,Nthitimila
1291,ZM2006,020603015,Luswishi
1292,ZM2006,020603007,Sokotwe
1293,ZM2003,020301822,Chembe
1294,ZM2004,020402318,Luangwa
1295,ZM2004,020301817,Buseko
1296,ZM2004,020402223,Parkland
1297,ZM2004,020402108,Bulangililo
1298,ZM6001,070108222,Luangwa
1299,ZM6001,070108214,Chinkundu
1300,ZM6004,070208917,Choma
1301,ZM7007,080811310,Zambezi
1302,ZM7005,080610807,Kakoma
1303,ZM7005,080610813,Samuteba
1304,ZM3006,030505101,Nsefu
1305,ZM3007,030605205,Lwezi
1306,ZM3004,030304509,Mwandafisi
1307,ZM3004,030304618,Matunga
1308,ZM3002,030405015,Chilola
1309,ZM3005,030404804,Luwelezi
1310,ZM2006,020603014,Lufwanyama
1311,ZM2006,020603013,Mpindi
1312,ZM2006,020603009,Chantete
1313,ZM2002,020902623,Kangwa Nsuluka
1314,ZM2003,020301801,Musakashi
1315,ZM2004,020402016,Kamfinsa
1316,ZM2004,020301809,Lubuto
1317,ZM2004,020301810,Kalungwishi
1318,ZM2004,020401906,Chimwemwe
1319,ZM2004,020402222,Rokana
1320,ZM2004,020402014,Ndeke
1321,ZM2004,020402226,Misheshi
1322,ZM6001,070108201,Mulanda
1323,ZM6001,070108211,Kashitu
1324,ZM6001,070108213,Nguni
1325,ZM6001,070108207,Muteka
1326,ZM6001,070108215,Chiloba
1327,ZM6004,070208913,Mofwe
1328,ZM6004,070208916,Chipili
1329,ZM7001,080110309,Lingundu
1330,ZM7007,080811416,Matondo
1331,ZM7007,080811309,Chivweji Kasesi
1332,ZM2006,020603001,Kansanta
1333,ZM2006,020603008,Mibenge
1334,ZM2004,020301805,Lulamba
1335,ZM2003,020301803,Twaiteka
1336,ZM2004,020402227,Mindolo
1337,ZM2004,020301808,Kalanga
1338,ZM2004,020301815,Kankonshi
1339,ZM2004,020401904,Buntungwa
1340,ZM2004,020402224,Buchi
1341,ZM2004,020402013,Bupe
1342,ZM2004,020402107,Kwacha
1343,ZM2004,020402225,Mukuba
1344,ZM2009,020401903,Kawama
1345,ZM6001,070108221,Mubemba
1346,ZM6001,070108219,Kanama
1347,ZM6001,070108203,Bulilo
1348,ZM6004,070208914,Kalungwishi
1349,ZM6004,070208915,Nkota
1350,ZM6008,070208919,Kaleulu
1351,ZM7001,080110306,Chivombo Mbalango
1352,ZM7007,080811415,Mwange Nyawanda
1353,ZM7007,080811307,Mpidi Kakonga
1354,ZM7007,080811303,Dipalata
1355,ZM7005,080610806,Kanyama
1356,ZM7005,080610816,Kamapanda
1357,ZM3007,030605211,Chamilala
1358,ZM3004,030304503,Milanzi
1359,ZM3004,030304612,Chavuka
1360,ZM3011,030404919,Chamtowa
1361,ZM3005,030404808,Membe
1362,ZM3011,030404923,Kazembe
1363,ZM7001,080110305,Kalombo Kamisamba
1364,ZM3008,030705420,Lusangazi
1365,ZM3007,030705418,Mateyo Mseka
1366,ZM3012,030304725,Nyamasasonkho
1367,ZM7010,080310403,Kashinakaji
1368,ZM7007,080811302,Nyakulenga
1369,ZM7005,080610814,Mudyanyama
1370,ZM7006,080711008,Kapijimpanga
1371,ZM3007,030605213,Luangwa
1372,ZM3004,030304506,Kapangulula
1373,ZM3004,030304615,Chimtende
1374,ZM3011,030404927,Chibande
1375,ZM3005,030405011,Mnyamazi
1376,ZM7001,080110312,Nyatanda Nyambingila
1377,ZM7001,080110303,Lingelengenda
1378,ZM3013,030103817,Mbozi
1379,ZM3008,030705509,Msumbazi
1380,ZM3008,030705515,Nyika
1381,ZM3012,030304727,Kasangazi
1382,ZM3012,030304724,Mnyamanzi
1383,ZM7010,080310407,Kawanda
1384,ZM7005,080610804,Mundwinji
1385,ZM7005,080610815,Chibwika
1386,ZM3007,030605202,Katipa
1387,ZM3004,030304504,Kapoche
1388,ZM3004,030304613,Kadula
1389,ZM3011,030404925,Lukusuzi
1390,ZM3002,030405013,Msuzi
1391,ZM3011,030405009,Vuli
1392,ZM7001,080110308,Sanjongo
1393,ZM7008,080610901,Chana-Chamuhinga
1394,ZM3008,030705305,Kaumbwe
1395,ZM3008,030705516,Chilimanyama
1396,ZM3012,030304720,Nchingilizya
1397,ZM3012,030705304,Matambazi
1398,ZM7005,080610802,Kawiku
1399,ZM7011,080711101,Musaka
1400,ZM3007,030605203,Vizimumba
1401,ZM3004,030304507,Dole
1402,ZM3011,030404924,Lumimba
1403,ZM3002,030405016,Chimaliro
1404,ZM3005,030404803,Susa
1405,ZM7001,080110307,Chavuma Central
1406,ZM7008,080610902,Jimbe
1407,ZM3008,030705417,Singozi
1408,ZM3008,030705510,Ongolwe
1409,ZM3012,030304726,Mngomba
1410,ZM7010,080310409,Chongo
1411,ZM3004,030304501,Kafumbwe
1412,ZM3004,030304614,Vulamkoko
1413,ZM3011,030404922,Kamimba
1414,ZM3005,030404810,Chaboli
1415,ZM7001,080110313,Nguvu
1416,ZM3013,030103822,Zozwe
1417,ZM7008,080610903,Nyakaseya
1418,ZM3008,030705421,Ukwimi
1419,ZM3008,030705512,Mbala
1420,ZM3012,030304722,Chiwuyu
1421,ZM7010,080310402,Lunsona
1422,ZM3004,030304502,Kazala
1423,ZM3004,030304611,Mphangwe
1424,ZM3002,030405012,Ndonda
1425,ZM3005,030404806,Kapilinsanga
1426,ZM7001,080110302,Sewe
1427,ZM7008,080610906,Mukangala
1428,ZM3008,030705422,Chisangu
1429,ZM3008,030705511,Kovyane
1430,ZM3008,030605204,Ngozi
1431,ZM3012,030705303,Mwangila
1432,ZM7010,080310405,Manyinga
1433,ZM3004,030304508,Chimwa
1434,ZM3011,030404926,Diwa
1435,ZM3002,030405018,Lunevwa
1436,ZM3005,030404801,Manda Hill
1437,ZM7001,080110304,Chiyeke
1438,ZM3013,030103818,Vubwi
1439,ZM3008,030705419,Mawanda
1440,ZM3012,030304721,Luandazi
1441,ZM3012,030705301,Kapoche
1442,ZM7010,080310408,Kaula
1443,ZM3005,030404807,Nkhanga
1444,ZM7001,080110311,Kambuya Mukelangombe
1445,ZM3013,030103821,Mlawe
1446,ZM3008,030705308,Manyane
1447,ZM3008,030705307,Manjazi
1448,ZM3007,030605209,Chiweza
1449,ZM3008,030304728,Chitawe
1450,ZM7010,080310404,Chiteve
1451,ZM7001,080110301,Chambi/Mandalo
1452,ZM3013,030103820,Chimphanje
1453,ZM7008,080610905,Mwininyilamba
1454,ZM3008,030705306,Lusinde
1455,ZM3008,030705414,Nyakawise
1456,ZM3012,030304723,Sinda
1457,ZM7010,080310401,Dihamba
1458,ZM3013,030103819,Chisiya
1459,ZM7008,080610904,Ikelengi
1460,ZM3008,030705513,Simbo
1461,ZM3012,030304719,Kamwaza
1462,ZM3012,030705302,Chingombe
1463,ZM7010,080310406,Loloma
1464,ZM2006,020603016,Mushingashi
1465,ZM2006,020603011,Mukumbo
1466,ZM2009,020301804,Lukoshi
1467,ZM2004,020301818,Dongwe
1468,ZM2004,020301814,Chibuluma
1469,ZM2004,020402111,Riverside
1470,ZM6001,070108205,Ndela
1471,ZM6001,070108202,Chifwenge
1472,ZM6001,070108204,Chisupa
1473,ZM6004,070208918,Mowa
1474,ZM7007,080811411,Mapachi Chinyingi
1475,ZM7005,080610801,Kanongesha
1476,ZM7005,080610810,Sailunga
1477,ZM3007,030605201,Chinsimbwe
1478,ZM3004,030304617,Mkaika
1479,ZM3004,030304505,Chindwale
1480,ZM3011,030404921,Wachitangati
1481,ZM3005,030404802,Magodi
1482,ZM7001,080110310,Lukolwe/Musumba
