manucipalities,placeCode,parentCode,adm1_pcode,glofasStation
Adams,PH012801000,PH012800000,PH010000000,no_station
Bacarra,PH012802000,PH012800000,PH010000000,no_station
Badoc,PH012803000,PH012800000,PH010000000,no_station
Bangui,PH012804000,PH012800000,PH010000000,no_station
City of Batac,PH012805000,PH012800000,PH010000000,no_station
Carasi,PH012807000,PH012800000,PH010000000,no_station
Currimao,PH012808000,PH012800000,PH010000000,no_station
San Nicolas,PH012820000,PH012800000,PH010000000,no_station
Alilem,PH012901000,PH012900000,PH010000000,no_station
Dingras,PH012809000,PH012800000,PH010000000,no_station
Manolo Fortich,PH101314000,PH101300000,PH100000000,no_station
Maramag,PH101315000,PH101300000,PH100000000,no_station
Pangantucan,PH101316000,PH101300000,PH100000000,no_station
Quezon,PH101317000,PH101300000,PH100000000,no_station
Jagna,PH071225000,PH071200000,PH070000000,no_station
Dumalneg,PH012810000,PH012800000,PH010000000,no_station
Banna,PH012811000,PH012800000,PH010000000,no_station
Laoag City,PH012812000,PH012800000,PH010000000,no_station
Kolambugan,PH103508000,PH103500000,PH100000000,no_station
Lala,PH103509000,PH103500000,PH100000000,no_station
Linamon,PH103510000,PH103500000,PH100000000,no_station
Magsaysay,PH103511000,PH103500000,PH100000000,no_station
Maigo,PH103512000,PH103500000,PH100000000,no_station
Matungao,PH103513000,PH103500000,PH100000000,no_station
Munai,PH103514000,PH103500000,PH100000000,no_station
Maribojoc,PH071232000,PH071200000,PH070000000,no_station
Marcos,PH012813000,PH012800000,PH010000000,no_station
Nueva Era,PH012814000,PH012800000,PH010000000,no_station
Pagudpud,PH012815000,PH012800000,PH010000000,no_station
Paoay,PH012816000,PH012800000,PH010000000,no_station
Pasuquin,PH012817000,PH012800000,PH010000000,no_station
Cervantes,PH012908000,PH012900000,PH010000000,no_station
Piddig,PH012818000,PH012800000,PH010000000,no_station
Pinili,PH012819000,PH012800000,PH010000000,no_station
Sarrat,PH012821000,PH012800000,PH010000000,no_station
Vintar,PH012823000,PH012800000,PH010000000,no_station
Balingasag,PH104302000,PH104300000,PH100000000,no_station
Solsona,PH012822000,PH012800000,PH010000000,no_station
Datu Unsay,PH153827000,PH153800000,PH150000000,no_station
Banayoyo,PH012902000,PH012900000,PH010000000,no_station
Lidlidda,PH012911000,PH012900000,PH010000000,no_station
Magsingal,PH012912000,PH012900000,PH010000000,no_station
Danao,PH071218000,PH071200000,PH070000000,no_station
Dauis,PH071219000,PH071200000,PH070000000,no_station
Bantay,PH012903000,PH012900000,PH010000000,no_station
Burgos,PH012904000,PH012900000,PH010000000,no_station
Cabugao,PH012905000,PH012900000,PH010000000,no_station
City of Candon,PH012906000,PH012900000,PH010000000,no_station
Caoayan,PH012907000,PH012900000,PH010000000,no_station
Dimiao,PH071220000,PH071200000,PH070000000,no_station
Duero,PH071221000,PH071200000,PH070000000,no_station
Garcia Hernandez,PH071222000,PH071200000,PH070000000,no_station
Galimuyod,PH012909000,PH012900000,PH010000000,no_station
Gregorio del Pilar,PH012910000,PH012900000,PH010000000,no_station
Guindulman,PH071223000,PH071200000,PH070000000,no_station
Inabanga,PH071224000,PH071200000,PH070000000,no_station
Nagbukel,PH012913000,PH012900000,PH010000000,no_station
Narvacan,PH012914000,PH012900000,PH010000000,no_station
Quirino,PH012915000,PH012900000,PH010000000,no_station
Getafe,PH071226000,PH071200000,PH070000000,no_station
Lila,PH071227000,PH071200000,PH070000000,no_station
Loay,PH071228000,PH071200000,PH070000000,no_station
Medina,PH104319000,PH104300000,PH100000000,no_station
Salcedo,PH012916000,PH012900000,PH010000000,no_station
San Emilio,PH012917000,PH012900000,PH010000000,no_station
San Esteban,PH012918000,PH012900000,PH010000000,no_station
San Ildefonso,PH012919000,PH012900000,PH010000000,no_station
San Juan,PH012920000,PH012900000,PH010000000,no_station
San Vicente,PH012921000,PH012900000,PH010000000,no_station
Santa,PH012922000,PH012900000,PH010000000,no_station
Santa Catalina,PH012923000,PH012900000,PH010000000,no_station
Santa Fe,PH025012000,PH025000000,PH020000000,no_station
Santa Cruz,PH012924000,PH012900000,PH010000000,no_station
Loboc,PH071229000,PH071200000,PH070000000,no_station
Loon,PH071230000,PH071200000,PH070000000,no_station
Mabini,PH071231000,PH071200000,PH070000000,no_station
Santa Lucia,PH012925000,PH012900000,PH010000000,no_station
Santa Maria,PH012926000,PH012900000,PH010000000,no_station
Santiago,PH012927000,PH012900000,PH010000000,no_station
Santo Domingo,PH012928000,PH012900000,PH010000000,no_station
Sigay,PH012929000,PH012900000,PH010000000,no_station
Sinait,PH012930000,PH012900000,PH010000000,no_station
Suyo,PH012932000,PH012900000,PH010000000,no_station
Tagudin,PH012933000,PH012900000,PH010000000,no_station
City of Vigan,PH012934000,PH012900000,PH010000000,no_station
Agoo,PH013301000,PH013300000,PH010000000,no_station
Aringay,PH013302000,PH013300000,PH010000000,no_station
Bacnotan,PH013303000,PH013300000,PH010000000,no_station
Panglao,PH071233000,PH071200000,PH070000000,no_station
Pilar,PH071234000,PH071200000,PH070000000,no_station
Pres. Carlos P. Garcia,PH071235000,PH071200000,PH070000000,no_station
Sugpon,PH012931000,PH012900000,PH010000000,no_station
Balagtas,PH031402000,PH031400000,PH030000000,no_station
Bagulin,PH013304000,PH013300000,PH010000000,no_station
Balaoan,PH013305000,PH013300000,PH010000000,no_station
Bangar,PH013306000,PH013300000,PH010000000,no_station
Bauang,PH013307000,PH013300000,PH010000000,no_station
Santo Tomas,PH015540000,PH015500000,PH010000000,no_station
Norzagaray,PH031413000,PH031400000,PH030000000,no_station
Burgos,PH013308000,PH013300000,PH010000000,no_station
Caba,PH013309000,PH013300000,PH010000000,no_station
Luna,PH013310000,PH013300000,PH010000000,no_station
Naguilian,PH013311000,PH013300000,PH010000000,no_station
Don Victoriano Chiongbian,PH104217000,PH104200000,PH100000000,no_station
Alubijid,PH104301000,PH104300000,PH100000000,no_station
Pugo,PH013312000,PH013300000,PH010000000,no_station
Rosario,PH013313000,PH013300000,PH010000000,no_station
City of San Fernando,PH013314000,PH013300000,PH010000000,no_station
San Gabriel,PH013315000,PH013300000,PH010000000,no_station
San Juan,PH013316000,PH013300000,PH010000000,no_station
Santo Tomas,PH013317000,PH013300000,PH010000000,no_station
Santol,PH013318000,PH013300000,PH010000000,no_station
Balingoan,PH104303000,PH104300000,PH100000000,no_station
Binuangan,PH104304000,PH104300000,PH100000000,no_station
Cagayan de Oro City,PH104305000,PH104300000,PH100000000,no_station
Claveria,PH104306000,PH104300000,PH100000000,no_station
City of El Salvador,PH104307000,PH104300000,PH100000000,no_station
Gingoog City,PH104308000,PH104300000,PH100000000,no_station
Gitagum,PH104309000,PH104300000,PH100000000,no_station
Initao,PH104310000,PH104300000,PH100000000,no_station
Jasaan,PH104311000,PH104300000,PH100000000,no_station
Kinoguitan,PH104312000,PH104300000,PH100000000,no_station
Lagonglong,PH104313000,PH104300000,PH100000000,no_station
Laguindingan,PH104314000,PH104300000,PH100000000,no_station
Libertad,PH104315000,PH104300000,PH100000000,no_station
Lugait,PH104316000,PH104300000,PH100000000,no_station
Magsaysay,PH104317000,PH104300000,PH100000000,no_station
Manticao,PH104318000,PH104300000,PH100000000,no_station
Sudipen,PH013319000,PH013300000,PH010000000,no_station
Naawan,PH104320000,PH104300000,PH100000000,no_station
Opol,PH104321000,PH104300000,PH100000000,no_station
Salay,PH104322000,PH104300000,PH100000000,no_station
Sugbongcogon,PH104323000,PH104300000,PH100000000,no_station
Tagoloan,PH104324000,PH104300000,PH100000000,no_station
Talisayan,PH104325000,PH104300000,PH100000000,no_station
Villanueva,PH104326000,PH104300000,PH100000000,no_station
Asuncion,PH112301000,PH112300000,PH110000000,no_station
Carmen,PH112303000,PH112300000,PH110000000,no_station
Tubao,PH013320000,PH013300000,PH010000000,no_station
Agno,PH015501000,PH015500000,PH010000000,no_station
Aguilar,PH015502000,PH015500000,PH010000000,no_station
City of Alaminos,PH015503000,PH015500000,PH010000000,no_station
Alcala,PH015504000,PH015500000,PH010000000,no_station
Anda,PH015505000,PH015500000,PH010000000,no_station
Maria Aurora,PH037707000,PH037700000,PH030000000,no_station
Asingan,PH015506000,PH015500000,PH010000000,no_station
Balungao,PH015507000,PH015500000,PH010000000,no_station
Bani,PH015508000,PH015500000,PH010000000,no_station
Basista,PH015509000,PH015500000,PH010000000,no_station
Rosario,PH042117000,PH042100000,PH040000000,no_station
Bautista,PH015510000,PH015500000,PH010000000,no_station
Bayambang,PH015511000,PH015500000,PH010000000,no_station
Pitogo,PH045634000,PH045600000,PH040000000,no_station
Binalonan,PH015512000,PH015500000,PH010000000,no_station
Binmaley,PH015513000,PH015500000,PH010000000,no_station
Bolinao,PH015514000,PH015500000,PH010000000,no_station
Bugallon,PH015515000,PH015500000,PH010000000,no_station
Burgos,PH015516000,PH015500000,PH010000000,no_station
Calasiao,PH015517000,PH015500000,PH010000000,no_station
Dagupan City,PH015518000,PH015500000,PH010000000,no_station
Dasol,PH015519000,PH015500000,PH010000000,no_station
Infanta,PH015520000,PH015500000,PH010000000,no_station
Labrador,PH015521000,PH015500000,PH010000000,no_station
Lingayen,PH015522000,PH015500000,PH010000000,no_station
Mabini,PH015523000,PH015500000,PH010000000,no_station
Malasiqui,PH015524000,PH015500000,PH010000000,no_station
Manaoag,PH015525000,PH015500000,PH010000000,no_station
Mangaldan,PH015526000,PH015500000,PH010000000,no_station
Mangatarem,PH015527000,PH015500000,PH010000000,no_station
Urbiztondo,PH015545000,PH015500000,PH010000000,no_station
City of Urdaneta,PH015546000,PH015500000,PH010000000,no_station
Mandaon,PH054110000,PH054100000,PH050000000,no_station
Mapandan,PH015528000,PH015500000,PH010000000,no_station
Tineg,PH140125000,PH140100000,PH140000000,no_station
Natividad,PH015529000,PH015500000,PH010000000,no_station
Enrile,PH021512000,PH021500000,PH020000000,G4630
Gattaran,PH021513000,PH021500000,PH020000000,G4630
Gonzaga,PH021514000,PH021500000,PH020000000,G4630
Pozorrubio,PH015530000,PH015500000,PH010000000,no_station
Rosales,PH015531000,PH015500000,PH010000000,no_station
San Carlos City,PH015532000,PH015500000,PH010000000,no_station
San Fabian,PH015533000,PH015500000,PH010000000,no_station
Laur,PH034913000,PH034900000,PH030000000,no_station
Licab,PH034914000,PH034900000,PH030000000,no_station
Llanera,PH034915000,PH034900000,PH030000000,no_station
San Jacinto,PH015534000,PH015500000,PH010000000,no_station
San Manuel,PH015535000,PH015500000,PH010000000,no_station
Science City of MuÃƒÂ±oz,PH034917000,PH034900000,PH030000000,no_station
Sikatuna,PH071241000,PH071200000,PH070000000,no_station
San Nicolas,PH015536000,PH015500000,PH010000000,no_station
San Quintin,PH015537000,PH015500000,PH010000000,no_station
Santa Barbara,PH015538000,PH015500000,PH010000000,no_station
Santa Maria,PH015539000,PH015500000,PH010000000,no_station
Sasmuan,PH035422000,PH035400000,PH030000000,no_station
Salcedo,PH082619000,PH082600000,PH080000000,no_station
Sison,PH015541000,PH015500000,PH010000000,no_station
Sual,PH015542000,PH015500000,PH010000000,no_station
Iguig,PH021515000,PH021500000,PH020000000,G4630
Lal-Lo,PH021516000,PH021500000,PH020000000,G4630
Tayug,PH015543000,PH015500000,PH010000000,no_station
Umingan,PH015544000,PH015500000,PH010000000,no_station
San Remigio,PH060614000,PH060600000,PH060000000,no_station
Sebaste,PH060615000,PH060600000,PH060000000,no_station
San Policarpo,PH082621000,PH082600000,PH080000000,no_station
Villasis,PH015547000,PH015500000,PH010000000,no_station
Laoac,PH015548000,PH015500000,PH010000000,no_station
Basco,PH020901000,PH020900000,PH020000000,no_station
Itbayat,PH020902000,PH020900000,PH020000000,no_station
Ivana,PH020903000,PH020900000,PH020000000,no_station
Mahatao,PH020904000,PH020900000,PH020000000,no_station
Sabtang,PH020905000,PH020900000,PH020000000,no_station
Uyugan,PH020906000,PH020900000,PH020000000,no_station
Abulug,PH021501000,PH021500000,PH020000000,no_station
Padre Burgos,PH086410000,PH086400000,PH080000000,no_station
Alcala,PH021502000,PH021500000,PH020000000,G4630
Allacapan,PH021503000,PH021500000,PH020000000,G4630
Amulung,PH021504000,PH021500000,PH020000000,G4630
Aparri,PH021505000,PH021500000,PH020000000,no_station
Baggao,PH021506000,PH021500000,PH020000000,G4630
Ballesteros,PH021507000,PH021500000,PH020000000,no_station
Buguey,PH021508000,PH021500000,PH020000000,G4630
Calayan,PH021509000,PH021500000,PH020000000,no_station
San Francisco,PH072242000,PH072200000,PH070000000,no_station
San Remigio,PH072243000,PH072200000,PH070000000,no_station
Santa Fe,PH072244000,PH072200000,PH070000000,no_station
Camalaniugan,PH021510000,PH021500000,PH020000000,G4630
Claveria,PH021511000,PH021500000,PH020000000,no_station
Alicia,PH023101000,PH023100000,PH020000000,G4630
Lasam,PH021517000,PH021500000,PH020000000,G4630
Pamplona,PH021518000,PH021500000,PH020000000,no_station
PeÃƒÂ±ablanca,PH021519000,PH021500000,PH020000000,G4630
Anao,PH036901000,PH036900000,PH030000000,no_station
Piat,PH021520000,PH021500000,PH020000000,G4630
Rizal,PH021521000,PH021500000,PH020000000,G4630
Sanchez-Mira,PH021522000,PH021500000,PH020000000,no_station
Santa Ana,PH021523000,PH021500000,PH020000000,no_station
Santa Praxedes,PH021524000,PH021500000,PH020000000,no_station
Santa Teresita,PH021525000,PH021500000,PH020000000,G4630
Aurora,PH023103000,PH023100000,PH020000000,G4630
Bamban,PH036902000,PH036900000,PH030000000,G1967
Santa Maria,PH118604000,PH118600000,PH110000000,no_station
Santo NiÃƒÂ±o,PH021526000,PH021500000,PH020000000,G4630
Kabayan,PH141107000,PH141100000,PH140000000,no_station
Carmen,PH124702000,PH124700000,PH120000000,G1970
Solana,PH021527000,PH021500000,PH020000000,G4630
Sibalom,PH060616000,PH060600000,PH060000000,no_station
Tibiao,PH060617000,PH060600000,PH060000000,no_station
Vincenzo A. Sagun,PH097341000,PH097300000,PH090000000,no_station
Tuao,PH021528000,PH021500000,PH020000000,G4630
Naga,PH098309000,PH098300000,PH090000000,no_station
Tuguegarao City,PH021529000,PH021500000,PH020000000,G4630
Valderrama,PH060618000,PH060600000,PH060000000,no_station
City of Malaybalay,PH101312000,PH101300000,PH100000000,no_station
Malitbog,PH101313000,PH101300000,PH100000000,no_station
Angadanan,PH023102000,PH023100000,PH020000000,G4630
Barotac Nuevo,PH063007000,PH063000000,PH060000000,no_station
Barotac Viejo,PH063008000,PH063000000,PH060000000,no_station
Batad,PH063009000,PH063000000,PH060000000,no_station
Bingawan,PH063010000,PH063000000,PH060000000,no_station
Kauswagan,PH103507000,PH103500000,PH100000000,no_station
Benito Soliven,PH023104000,PH023100000,PH020000000,G4630
Cabatuan,PH023107000,PH023100000,PH020000000,G4630
City of Cauayan,PH023108000,PH023100000,PH020000000,G4630
Burgos,PH023105000,PH023100000,PH020000000,G4630
Paete,PH043418000,PH043400000,PH040000000,no_station
Cabagan,PH023106000,PH023100000,PH020000000,G4630
Pagsanjan,PH043419000,PH043400000,PH040000000,no_station
Pakil,PH043420000,PH043400000,PH040000000,no_station
Cordon,PH023109000,PH023100000,PH020000000,G4630
Dinapigue,PH023110000,PH023100000,PH020000000,no_station
Divilacan,PH023111000,PH023100000,PH020000000,no_station
Luna,PH023116000,PH023100000,PH020000000,G4630
Maconacon,PH023117000,PH023100000,PH020000000,G4630
Pangil,PH043421000,PH043400000,PH040000000,no_station
Echague,PH023112000,PH023100000,PH020000000,G4630
Gamu,PH023113000,PH023100000,PH020000000,G4630
Ilagan City,PH023114000,PH023100000,PH020000000,G4630
Jones,PH023115000,PH023100000,PH020000000,G4630
Hingyon,PH142709000,PH142700000,PH140000000,no_station
Delfin Albano,PH023118000,PH023100000,PH020000000,G4630
San Agustin,PH023127000,PH023100000,PH020000000,G4630
Tinoc,PH142710000,PH142700000,PH140000000,no_station
Mallig,PH023119000,PH023100000,PH020000000,G4630
Naguilian,PH023120000,PH023100000,PH020000000,G4630
Palanan,PH023121000,PH023100000,PH020000000,no_station
Quezon,PH023122000,PH023100000,PH020000000,G4630
Quirino,PH023123000,PH023100000,PH020000000,G4630
Ramon,PH023124000,PH023100000,PH020000000,G4630
Reina Mercedes,PH023125000,PH023100000,PH020000000,G4630
Roxas,PH023126000,PH023100000,PH020000000,G4630
Asipulo,PH142711000,PH142700000,PH140000000,no_station
Balbalan,PH143201000,PH143200000,PH140000000,no_station
San Guillermo,PH023128000,PH023100000,PH020000000,G4630
San Isidro,PH023129000,PH023100000,PH020000000,G4630
San Manuel,PH023130000,PH023100000,PH020000000,G4630
San Mariano,PH023131000,PH023100000,PH020000000,G4630
Santo Tomas,PH023136000,PH023100000,PH020000000,G4630
San Mateo,PH023132000,PH023100000,PH020000000,G4630
San Pablo,PH023133000,PH023100000,PH020000000,G4630
Sagbayan,PH071236000,PH071200000,PH070000000,no_station
Santa Maria,PH023134000,PH023100000,PH020000000,G4630
Tumauini,PH023137000,PH023100000,PH020000000,G4630
Ambaguio,PH025001000,PH025000000,PH020000000,no_station
Aritao,PH025002000,PH025000000,PH020000000,no_station
Bagabag,PH025003000,PH025000000,PH020000000,no_station
City of Santiago,PH023135000,PH023100000,PH020000000,G4630
Quezon,PH025011000,PH025000000,PH020000000,no_station
Bambang,PH025004000,PH025000000,PH020000000,no_station
Bayombong,PH025005000,PH025000000,PH020000000,no_station
Solano,PH025013000,PH025000000,PH020000000,no_station
Villaverde,PH025014000,PH025000000,PH020000000,no_station
Alfonso Castaneda,PH025015000,PH025000000,PH020000000,no_station
Aglipay,PH025701000,PH025700000,PH020000000,no_station
Diadi,PH025006000,PH025000000,PH020000000,no_station
Dupax del Norte,PH025007000,PH025000000,PH020000000,no_station
Dupax del Sur,PH025008000,PH025000000,PH020000000,no_station
Baliuag,PH031403000,PH031400000,PH030000000,G1966
Kasibu,PH025009000,PH025000000,PH020000000,no_station
Kayapa,PH025010000,PH025000000,PH020000000,no_station
Obando,PH031414000,PH031400000,PH030000000,no_station
Pandi,PH031415000,PH031400000,PH030000000,no_station
Paombong,PH031416000,PH031400000,PH030000000,G1966
Plaridel,PH031417000,PH031400000,PH030000000,G1966
Cabarroguis,PH025702000,PH025700000,PH020000000,no_station
San Miguel,PH031421000,PH031400000,PH030000000,no_station
San Rafael,PH031422000,PH031400000,PH030000000,no_station
Santa Maria,PH031423000,PH031400000,PH030000000,no_station
DoÃƒÂ±a Remedios Trinidad,PH031424000,PH031400000,PH030000000,no_station
Aliaga,PH034901000,PH034900000,PH030000000,no_station
Bongabon,PH034902000,PH034900000,PH030000000,no_station
Cabanatuan City,PH034903000,PH034900000,PH030000000,no_station
Cabiao,PH034904000,PH034900000,PH030000000,no_station
Carranglan,PH034905000,PH034900000,PH030000000,no_station
Cuyapo,PH034906000,PH034900000,PH030000000,no_station
Gabaldon,PH034907000,PH034900000,PH030000000,no_station
City of Gapan,PH034908000,PH034900000,PH030000000,no_station
General Mamerto Natividad,PH034909000,PH034900000,PH030000000,no_station
General Tinio,PH034910000,PH034900000,PH030000000,no_station
Guimba,PH034911000,PH034900000,PH030000000,no_station
Jaen,PH034912000,PH034900000,PH030000000,no_station
Diffun,PH025703000,PH025700000,PH020000000,no_station
Maddela,PH025704000,PH025700000,PH020000000,no_station
Saguday,PH025705000,PH025700000,PH020000000,no_station
Nagtipunan,PH025706000,PH025700000,PH020000000,no_station
Abucay,PH030801000,PH030800000,PH030000000,no_station
Bagac,PH030802000,PH030800000,PH030000000,no_station
City of Balanga,PH030803000,PH030800000,PH030000000,no_station
Dinalupihan,PH030804000,PH030800000,PH030000000,no_station
Hermosa,PH030805000,PH030800000,PH030000000,no_station
Limay,PH030806000,PH030800000,PH030000000,no_station
Mariveles,PH030807000,PH030800000,PH030000000,no_station
Morong,PH030808000,PH030800000,PH030000000,no_station
Orani,PH030809000,PH030800000,PH030000000,no_station
Orion,PH030810000,PH030800000,PH030000000,no_station
Pilar,PH030811000,PH030800000,PH030000000,no_station
Samal,PH030812000,PH030800000,PH030000000,no_station
Angat,PH031401000,PH031400000,PH030000000,no_station
Bocaue,PH031404000,PH031400000,PH030000000,no_station
Bulacan,PH031405000,PH031400000,PH030000000,no_station
Bustos,PH031406000,PH031400000,PH030000000,no_station
Calumpit,PH031407000,PH031400000,PH030000000,G1966
Guiguinto,PH031408000,PH031400000,PH030000000,no_station
Hagonoy,PH031409000,PH031400000,PH030000000,G1966
City of Malolos,PH031410000,PH031400000,PH030000000,G1966
Marilao,PH031411000,PH031400000,PH030000000,no_station
City of Meycauayan,PH031412000,PH031400000,PH030000000,no_station
Pulilan,PH031418000,PH031400000,PH030000000,G1966
San Ildefonso,PH031419000,PH031400000,PH030000000,no_station
City of San Jose del Monte,PH031420000,PH031400000,PH030000000,no_station
Lupao,PH034916000,PH034900000,PH030000000,no_station
Nampicuan,PH034918000,PH034900000,PH030000000,no_station
Palayan City,PH034919000,PH034900000,PH030000000,no_station
Pantabangan,PH034920000,PH034900000,PH030000000,no_station
PeÃƒÂ±aranda,PH034921000,PH034900000,PH030000000,no_station
Quezon,PH034922000,PH034900000,PH030000000,no_station
Rizal,PH034923000,PH034900000,PH030000000,no_station
San Antonio,PH034924000,PH034900000,PH030000000,no_station
San Isidro,PH034925000,PH034900000,PH030000000,no_station
San Jose City,PH034926000,PH034900000,PH030000000,no_station
San Leonardo,PH034927000,PH034900000,PH030000000,no_station
Santa Rosa,PH034928000,PH034900000,PH030000000,no_station
Santo Domingo,PH034929000,PH034900000,PH030000000,no_station
Talavera,PH034930000,PH034900000,PH030000000,no_station
Talugtug,PH034931000,PH034900000,PH030000000,no_station
Zaragoza,PH034932000,PH034900000,PH030000000,no_station
Angeles City,PH035401000,PH035400000,PH030000000,no_station
Apalit,PH035402000,PH035400000,PH030000000,G1966
Arayat,PH035403000,PH035400000,PH030000000,no_station
Bacolor,PH035404000,PH035400000,PH030000000,no_station
Candaba,PH035405000,PH035400000,PH030000000,no_station
Floridablanca,PH035406000,PH035400000,PH030000000,no_station
Guagua,PH035407000,PH035400000,PH030000000,no_station
Lubao,PH035408000,PH035400000,PH030000000,no_station
Mabalacat City,PH035409000,PH035400000,PH030000000,no_station
Macabebe,PH035410000,PH035400000,PH030000000,G1966
Magalang,PH035411000,PH035400000,PH030000000,no_station
Masantol,PH035412000,PH035400000,PH030000000,G1966
Mexico,PH035413000,PH035400000,PH030000000,no_station
Minalin,PH035414000,PH035400000,PH030000000,G1966
Porac,PH035415000,PH035400000,PH030000000,no_station
City of San Fernando,PH035416000,PH035400000,PH030000000,no_station
San Luis,PH035417000,PH035400000,PH030000000,G1966
San Simon,PH035418000,PH035400000,PH030000000,G1966
Santa Ana,PH035419000,PH035400000,PH030000000,no_station
Capas,PH036904000,PH036900000,PH030000000,G1967
Concepcion,PH036905000,PH036900000,PH030000000,G1967
Santa Rita,PH035420000,PH035400000,PH030000000,no_station
Sevilla,PH071239000,PH071200000,PH070000000,no_station
Santo Tomas,PH035421000,PH035400000,PH030000000,G1966
Camiling,PH036903000,PH036900000,PH030000000,no_station
Gerona,PH036906000,PH036900000,PH030000000,no_station
La Paz,PH036907000,PH036900000,PH030000000,no_station
Rizal,PH143211000,PH143200000,PH140000000,no_station
City of Tabuk,PH143213000,PH143200000,PH140000000,no_station
Mayantoc,PH036908000,PH036900000,PH030000000,no_station
Pura,PH036911000,PH036900000,PH030000000,no_station
Tanudan,PH143214000,PH143200000,PH140000000,no_station
Moncada,PH036909000,PH036900000,PH030000000,no_station
Paniqui,PH036910000,PH036900000,PH030000000,no_station
San Manuel,PH036914000,PH036900000,PH030000000,no_station
Sadanga,PH144408000,PH144400000,PH140000000,no_station
Ramos,PH036912000,PH036900000,PH030000000,no_station
San Clemente,PH036913000,PH036900000,PH030000000,no_station
San Luis,PH037708000,PH037700000,PH030000000,no_station
Agoncillo,PH041001000,PH041000000,PH040000000,no_station
Santa Ignacia,PH036915000,PH036900000,PH030000000,no_station
Alicia,PH071202000,PH071200000,PH070000000,no_station
City of Tarlac,PH036916000,PH036900000,PH030000000,G1967
Victoria,PH036917000,PH036900000,PH030000000,no_station
Anda,PH071203000,PH071200000,PH070000000,no_station
San Jose,PH036918000,PH036900000,PH030000000,G1967
Botolan,PH037101000,PH037100000,PH030000000,no_station
Cabangan,PH037102000,PH037100000,PH030000000,no_station
Candelaria,PH037103000,PH037100000,PH030000000,no_station
Mataasnakahoy,PH041018000,PH041000000,PH040000000,no_station
Nasugbu,PH041019000,PH041000000,PH040000000,no_station
Candijay,PH071211000,PH071200000,PH070000000,no_station
Castillejos,PH037104000,PH037100000,PH030000000,no_station
Iba,PH037105000,PH037100000,PH030000000,no_station
Masinloc,PH037106000,PH037100000,PH030000000,no_station
Olongapo City,PH037107000,PH037100000,PH030000000,no_station
Palauig,PH037108000,PH037100000,PH030000000,no_station
San Antonio,PH037109000,PH037100000,PH030000000,no_station
San Felipe,PH037110000,PH037100000,PH030000000,no_station
San Marcelino,PH037111000,PH037100000,PH030000000,no_station
Alfonso,PH042101000,PH042100000,PH040000000,no_station
San Narciso,PH037112000,PH037100000,PH030000000,no_station
Santa Cruz,PH037113000,PH037100000,PH030000000,no_station
Subic,PH037114000,PH037100000,PH030000000,no_station
Baler,PH037701000,PH037700000,PH030000000,no_station
Casiguran,PH037702000,PH037700000,PH030000000,no_station
Dilasag,PH037703000,PH037700000,PH030000000,no_station
Dinalungan,PH037704000,PH037700000,PH030000000,no_station
Dingalan,PH037705000,PH037700000,PH030000000,no_station
Dipaculao,PH037706000,PH037700000,PH030000000,no_station
Alitagtag,PH041002000,PH041000000,PH040000000,no_station
Balayan,PH041003000,PH041000000,PH040000000,no_station
Balete,PH041004000,PH041000000,PH040000000,no_station
Batangas City,PH041005000,PH041000000,PH040000000,no_station
Bauan,PH041006000,PH041000000,PH040000000,no_station
Calaca,PH041007000,PH041000000,PH040000000,no_station
Calatagan,PH041008000,PH041000000,PH040000000,no_station
Cuenca,PH041009000,PH041000000,PH040000000,no_station
Ibaan,PH041010000,PH041000000,PH040000000,no_station
Laurel,PH041011000,PH041000000,PH040000000,no_station
Lemery,PH041012000,PH041000000,PH040000000,no_station
Lian,PH041013000,PH041000000,PH040000000,no_station
Lipa City,PH041014000,PH041000000,PH040000000,no_station
Lobo,PH041015000,PH041000000,PH040000000,no_station
Mabini,PH041016000,PH041000000,PH040000000,no_station
Malvar,PH041017000,PH041000000,PH040000000,no_station
Kapalong,PH112305000,PH112300000,PH110000000,no_station
Padre Garcia,PH041020000,PH041000000,PH040000000,no_station
Rosario,PH041021000,PH041000000,PH040000000,no_station
Padada,PH112411000,PH112400000,PH110000000,no_station
Santa Cruz,PH112412000,PH112400000,PH110000000,no_station
San Jose,PH041022000,PH041000000,PH040000000,no_station
San Juan,PH041023000,PH041000000,PH040000000,no_station
San Luis,PH041024000,PH041000000,PH040000000,no_station
Mendez,PH042114000,PH042100000,PH040000000,no_station
Naic,PH042115000,PH042100000,PH040000000,no_station
Noveleta,PH042116000,PH042100000,PH040000000,no_station
San Nicolas,PH041025000,PH041000000,PH040000000,no_station
San Pascual,PH041026000,PH041000000,PH040000000,no_station
Silang,PH042118000,PH042100000,PH040000000,no_station
Dolores,PH045615000,PH045600000,PH040000000,no_station
General Luna,PH045616000,PH045600000,PH040000000,no_station
General Nakar,PH045617000,PH045600000,PH040000000,no_station
Guinayangan,PH045618000,PH045600000,PH040000000,no_station
Gumaca,PH045619000,PH045600000,PH040000000,no_station
Santa Teresita,PH041027000,PH041000000,PH040000000,no_station
Santo Tomas,PH041028000,PH041000000,PH040000000,no_station
Taal,PH041029000,PH041000000,PH040000000,no_station
Talisay,PH041030000,PH041000000,PH040000000,no_station
City of Tanauan,PH041031000,PH041000000,PH040000000,no_station
Taysan,PH041032000,PH041000000,PH040000000,no_station
Tingloy,PH041033000,PH041000000,PH040000000,no_station
Famy,PH043408000,PH043400000,PH040000000,no_station
Kalayaan,PH043409000,PH043400000,PH040000000,no_station
Infanta,PH045620000,PH045600000,PH040000000,no_station
Jomalig,PH045621000,PH045600000,PH040000000,no_station
Lopez,PH045622000,PH045600000,PH040000000,no_station
Lucban,PH045623000,PH045600000,PH040000000,no_station
Lucena City,PH045624000,PH045600000,PH040000000,no_station
Macalelon,PH045625000,PH045600000,PH040000000,no_station
Mauban,PH045627000,PH045600000,PH040000000,no_station
Mulanay,PH045628000,PH045600000,PH040000000,no_station
Padre Burgos,PH045629000,PH045600000,PH040000000,no_station
Pagbilao,PH045630000,PH045600000,PH040000000,no_station
Panukulan,PH045631000,PH045600000,PH040000000,no_station
Patnanungan,PH045632000,PH045600000,PH040000000,no_station
Perez,PH045633000,PH045600000,PH040000000,no_station
Tuy,PH041034000,PH041000000,PH040000000,no_station
Amadeo,PH042102000,PH042100000,PH040000000,no_station
Bacoor City,PH042103000,PH042100000,PH040000000,no_station
Carmona,PH042104000,PH042100000,PH040000000,no_station
Cavite City,PH042105000,PH042100000,PH040000000,no_station
City of DasmariÃƒÂ±as,PH042106000,PH042100000,PH040000000,no_station
General Emilio Aguinaldo,PH042107000,PH042100000,PH040000000,no_station
City of General Trias,PH042108000,PH042100000,PH040000000,no_station
Imus City,PH042109000,PH042100000,PH040000000,no_station
Indang,PH042110000,PH042100000,PH040000000,no_station
Kawit,PH042111000,PH042100000,PH040000000,no_station
Magallanes,PH042112000,PH042100000,PH040000000,no_station
Maragondon,PH042113000,PH042100000,PH040000000,no_station
Plaridel,PH045635000,PH045600000,PH040000000,no_station
Polillo,PH045636000,PH045600000,PH040000000,no_station
Quezon,PH045637000,PH045600000,PH040000000,no_station
Real,PH045638000,PH045600000,PH040000000,no_station
Sulop,PH112414000,PH112400000,PH110000000,no_station
Baganga,PH112501000,PH112500000,PH110000000,no_station
Banaybanay,PH112502000,PH112500000,PH110000000,no_station
Boston,PH112503000,PH112500000,PH110000000,G4945
Caraga,PH112504000,PH112500000,PH110000000,no_station
Cateel,PH112505000,PH112500000,PH110000000,G4945
Governor Generoso,PH112506000,PH112500000,PH110000000,no_station
Lupon,PH112507000,PH112500000,PH110000000,no_station
Manay,PH112508000,PH112500000,PH110000000,no_station
City of Mati,PH112509000,PH112500000,PH110000000,no_station
San Isidro,PH112510000,PH112500000,PH110000000,no_station
Tarragona,PH112511000,PH112500000,PH110000000,no_station
Tagaytay City,PH042119000,PH042100000,PH040000000,no_station
Tanza,PH042120000,PH042100000,PH040000000,no_station
Ternate,PH042121000,PH042100000,PH040000000,no_station
Trece Martires City,PH042122000,PH042100000,PH040000000,no_station
Gen. Mariano Alvarez,PH042123000,PH042100000,PH040000000,no_station
Libon,PH050507000,PH050500000,PH050000000,G4611
City of Ligao,PH050508000,PH050500000,PH050000000,G4611
Malilipot,PH050509000,PH050500000,PH050000000,G4611
Malinao,PH050510000,PH050500000,PH050000000,G4611
Manito,PH050511000,PH050500000,PH050000000,no_station
Oas,PH050512000,PH050500000,PH050000000,G4611
Pio Duran,PH050513000,PH050500000,PH050000000,G4611
Polangui,PH050514000,PH050500000,PH050000000,G4611
Rapu-Rapu,PH050515000,PH050500000,PH050000000,no_station
Santo Domingo,PH050516000,PH050500000,PH050000000,G4611
City of Tabaco,PH050517000,PH050500000,PH050000000,no_station
Tiwi,PH050518000,PH050500000,PH050000000,G4611
Basud,PH051601000,PH051600000,PH050000000,no_station
Capalonga,PH051602000,PH051600000,PH050000000,no_station
Daet,PH051603000,PH051600000,PH050000000,no_station
San Lorenzo Ruiz,PH051604000,PH051600000,PH050000000,no_station
Jose Panganiban,PH051605000,PH051600000,PH050000000,no_station
Labo,PH051606000,PH051600000,PH050000000,no_station
Mercedes,PH051607000,PH051600000,PH050000000,no_station
Paracale,PH051608000,PH051600000,PH050000000,no_station
Alaminos,PH043401000,PH043400000,PH040000000,no_station
Bay,PH043402000,PH043400000,PH040000000,no_station
City of BiÃƒÂ±an,PH043403000,PH043400000,PH040000000,no_station
Cabuyao City,PH043404000,PH043400000,PH040000000,no_station
City of Calamba,PH043405000,PH043400000,PH040000000,no_station
Lagonoy,PH051717000,PH051700000,PH050000000,no_station
Libmanan,PH051718000,PH051700000,PH050000000,G4611
Lupi,PH051719000,PH051700000,PH050000000,no_station
Magarao,PH051720000,PH051700000,PH050000000,G4611
Calauan,PH043406000,PH043400000,PH040000000,no_station
Cavinti,PH043407000,PH043400000,PH040000000,no_station
Pasacao,PH051727000,PH051700000,PH050000000,G4611
Pili,PH051728000,PH051700000,PH050000000,G4611
Presentacion,PH051729000,PH051700000,PH050000000,no_station
Ragay,PH051730000,PH051700000,PH050000000,no_station
SagÃƒÂ±ay,PH051731000,PH051700000,PH050000000,G4611
Liliw,PH043410000,PH043400000,PH040000000,no_station
San Fernando,PH051732000,PH051700000,PH050000000,G4611
San Jose,PH051733000,PH051700000,PH050000000,no_station
Sipocot,PH051734000,PH051700000,PH050000000,no_station
Siruma,PH051735000,PH051700000,PH050000000,no_station
Sierra Bullones,PH071240000,PH071200000,PH070000000,no_station
Los BaÃƒÂ±os,PH043411000,PH043400000,PH040000000,no_station
Luisiana,PH043412000,PH043400000,PH040000000,no_station
Lumban,PH043413000,PH043400000,PH040000000,no_station
Mabitac,PH043414000,PH043400000,PH040000000,no_station
San Miguel,PH052009000,PH052000000,PH050000000,no_station
Viga,PH052010000,PH052000000,PH050000000,no_station
Virac,PH052011000,PH052000000,PH050000000,no_station
Aroroy,PH054101000,PH054100000,PH050000000,no_station
Baleno,PH054102000,PH054100000,PH050000000,no_station
Balud,PH054103000,PH054100000,PH050000000,no_station
Batuan,PH054104000,PH054100000,PH050000000,no_station
Cataingan,PH054105000,PH054100000,PH050000000,no_station
Cawayan,PH054106000,PH054100000,PH050000000,no_station
Claveria,PH054107000,PH054100000,PH050000000,no_station
Dimasalang,PH054108000,PH054100000,PH050000000,no_station
Esperanza,PH054109000,PH054100000,PH050000000,no_station
Magdalena,PH043415000,PH043400000,PH040000000,no_station
Nagcarlan,PH043417000,PH043400000,PH040000000,no_station
Majayjay,PH043416000,PH043400000,PH040000000,no_station
City of Masbate,PH054111000,PH054100000,PH050000000,no_station
Milagros,PH054112000,PH054100000,PH050000000,no_station
Mobo,PH054113000,PH054100000,PH050000000,no_station
Monreal,PH054114000,PH054100000,PH050000000,no_station
Palanas,PH054115000,PH054100000,PH050000000,no_station
Pio V. Corpuz,PH054116000,PH054100000,PH050000000,no_station
Placer,PH054117000,PH054100000,PH050000000,no_station
San Fernando,PH054118000,PH054100000,PH050000000,no_station
San Jacinto,PH054119000,PH054100000,PH050000000,no_station
San Pascual,PH054120000,PH054100000,PH050000000,no_station
Uson,PH054121000,PH054100000,PH050000000,no_station
Barcelona,PH056202000,PH056200000,PH050000000,no_station
Bulan,PH056203000,PH056200000,PH050000000,no_station
Bulusan,PH056204000,PH056200000,PH050000000,no_station
Casiguran,PH056205000,PH056200000,PH050000000,no_station
Castilla,PH056206000,PH056200000,PH050000000,no_station
Donsol,PH056207000,PH056200000,PH050000000,no_station
Gubat,PH056208000,PH056200000,PH050000000,no_station
Pila,PH043422000,PH043400000,PH040000000,no_station
Rizal,PH043423000,PH043400000,PH040000000,no_station
San Pablo City,PH043424000,PH043400000,PH040000000,no_station
City of San Pedro,PH043425000,PH043400000,PH040000000,no_station
Tagbilaran City,PH071242000,PH071200000,PH070000000,no_station
Talibon,PH071243000,PH071200000,PH070000000,no_station
Santa Cruz,PH043426000,PH043400000,PH040000000,no_station
Santander,PH072245000,PH072200000,PH070000000,no_station
Sibonga,PH072246000,PH072200000,PH070000000,no_station
Santa Maria,PH043427000,PH043400000,PH040000000,no_station
City of Santa Rosa,PH043428000,PH043400000,PH040000000,no_station
Sogod,PH072247000,PH072200000,PH070000000,no_station
Tabogon,PH072248000,PH072200000,PH070000000,no_station
Tabuelan,PH072249000,PH072200000,PH070000000,no_station
City of Talisay,PH072250000,PH072200000,PH070000000,no_station
Toledo City,PH072251000,PH072200000,PH070000000,no_station
Tuburan,PH072252000,PH072200000,PH070000000,no_station
Tudela,PH072253000,PH072200000,PH070000000,no_station
Enrique Villanueva,PH076101000,PH076100000,PH070000000,no_station
Larena,PH076102000,PH076100000,PH070000000,no_station
Lazi,PH076103000,PH076100000,PH070000000,no_station
Maria,PH076104000,PH076100000,PH070000000,no_station
San Juan,PH076105000,PH076100000,PH070000000,no_station
Siquijor,PH076106000,PH076100000,PH070000000,no_station
Arteche,PH082601000,PH082600000,PH080000000,no_station
Balangiga,PH082602000,PH082600000,PH080000000,no_station
Balangkayan,PH082603000,PH082600000,PH080000000,no_station
City of Borongan,PH082604000,PH082600000,PH080000000,no_station
Can-Avid,PH082605000,PH082600000,PH080000000,no_station
Dolores,PH082606000,PH082600000,PH080000000,no_station
General Macarthur,PH082607000,PH082600000,PH080000000,no_station
Giporlos,PH082608000,PH082600000,PH080000000,no_station
Guiuan,PH082609000,PH082600000,PH080000000,no_station
Hernani,PH082610000,PH082600000,PH080000000,no_station
Siniloan,PH043429000,PH043400000,PH040000000,no_station
Jipapad,PH082611000,PH082600000,PH080000000,no_station
Lawaan,PH082612000,PH082600000,PH080000000,no_station
Llorente,PH082613000,PH082600000,PH080000000,no_station
Maslog,PH082614000,PH082600000,PH080000000,no_station
Maydolong,PH082615000,PH082600000,PH080000000,no_station
Mercedes,PH082616000,PH082600000,PH080000000,no_station
Oras,PH082617000,PH082600000,PH080000000,no_station
Quinapondan,PH082618000,PH082600000,PH080000000,no_station
Victoria,PH043430000,PH043400000,PH040000000,no_station
Agdangan,PH045601000,PH045600000,PH040000000,no_station
Alabat,PH045602000,PH045600000,PH040000000,no_station
Atimonan,PH045603000,PH045600000,PH040000000,no_station
Buenavista,PH045605000,PH045600000,PH040000000,no_station
Burdeos,PH045606000,PH045600000,PH040000000,no_station
Calauag,PH045607000,PH045600000,PH040000000,no_station
Candelaria,PH045608000,PH045600000,PH040000000,no_station
Catanauan,PH045610000,PH045600000,PH040000000,no_station
San Julian,PH082620000,PH082600000,PH080000000,no_station
Sampaloc,PH045639000,PH045600000,PH040000000,no_station
San Andres,PH045640000,PH045600000,PH040000000,no_station
San Antonio,PH045641000,PH045600000,PH040000000,no_station
San Francisco,PH045642000,PH045600000,PH040000000,no_station
San Narciso,PH045644000,PH045600000,PH040000000,no_station
Sariaya,PH045645000,PH045600000,PH040000000,no_station
Tagkawayan,PH045646000,PH045600000,PH040000000,no_station
City of Tayabas,PH045647000,PH045600000,PH040000000,no_station
Tiaong,PH045648000,PH045600000,PH040000000,no_station
Unisan,PH045649000,PH045600000,PH040000000,no_station
Sulat,PH082622000,PH082600000,PH080000000,no_station
Taft,PH082623000,PH082600000,PH080000000,no_station
Abuyog,PH083701000,PH083700000,PH080000000,no_station
Angono,PH045801000,PH045800000,PH040000000,no_station
City of Antipolo,PH045802000,PH045800000,PH040000000,no_station
Baras,PH045803000,PH045800000,PH040000000,no_station
Binangonan,PH045804000,PH045800000,PH040000000,no_station
Cainta,PH045805000,PH045800000,PH040000000,no_station
Cardona,PH045806000,PH045800000,PH040000000,no_station
Jala-Jala,PH045807000,PH045800000,PH040000000,no_station
Rodriguez,PH045808000,PH045800000,PH040000000,no_station
Morong,PH045809000,PH045800000,PH040000000,no_station
Pililla,PH045810000,PH045800000,PH040000000,no_station
San Mateo,PH045811000,PH045800000,PH040000000,no_station
Tanay,PH045812000,PH045800000,PH040000000,no_station
Taytay,PH045813000,PH045800000,PH040000000,no_station
Teresa,PH045814000,PH045800000,PH040000000,no_station
Bacacay,PH050501000,PH050500000,PH050000000,no_station
Las Navas,PH084810000,PH084800000,PH080000000,no_station
Lavezares,PH084811000,PH084800000,PH080000000,no_station
Mapanas,PH084812000,PH084800000,PH080000000,no_station
Mondragon,PH084813000,PH084800000,PH080000000,no_station
Palapag,PH084814000,PH084800000,PH080000000,no_station
Pambujan,PH084815000,PH084800000,PH080000000,no_station
Rosario,PH084816000,PH084800000,PH080000000,no_station
San Antonio,PH084817000,PH084800000,PH080000000,no_station
San Isidro,PH084818000,PH084800000,PH080000000,no_station
San Jose,PH084819000,PH084800000,PH080000000,no_station
San Roque,PH084820000,PH084800000,PH080000000,no_station
San Vicente,PH084821000,PH084800000,PH080000000,no_station
Camalig,PH050502000,PH050500000,PH050000000,G4611
Daraga,PH050503000,PH050500000,PH050000000,G4611
Guinobatan,PH050504000,PH050500000,PH050000000,G4611
Jovellar,PH050505000,PH050500000,PH050000000,G4611
Legazpi City,PH050506000,PH050500000,PH050000000,G4611
San Vicente,PH051609000,PH051600000,PH050000000,no_station
Santa Elena,PH051610000,PH051600000,PH050000000,no_station
Talisay,PH051611000,PH051600000,PH050000000,no_station
Vinzons,PH051612000,PH051600000,PH050000000,no_station
Baao,PH051701000,PH051700000,PH050000000,G4611
Balatan,PH051702000,PH051700000,PH050000000,G4611
Bato,PH051703000,PH051700000,PH050000000,G4611
Bombon,PH051704000,PH051700000,PH050000000,G4611
Silvino Lobos,PH084822000,PH084800000,PH080000000,no_station
Victoria,PH084823000,PH084800000,PH080000000,no_station
Lope de Vega,PH084824000,PH084800000,PH080000000,no_station
Almagro,PH086001000,PH086000000,PH080000000,no_station
Basey,PH086002000,PH086000000,PH080000000,no_station
Calbayog City,PH086003000,PH086000000,PH080000000,no_station
Calbiga,PH086004000,PH086000000,PH080000000,no_station
City of Catbalogan,PH086005000,PH086000000,PH080000000,no_station
Daram,PH086006000,PH086000000,PH080000000,no_station
Buhi,PH051705000,PH051700000,PH050000000,G4611
Bula,PH051706000,PH051700000,PH050000000,G4611
Cabusao,PH051707000,PH051700000,PH050000000,G4611
Calabanga,PH051708000,PH051700000,PH050000000,G4611
Gandara,PH086007000,PH086000000,PH080000000,no_station
Camaligan,PH051709000,PH051700000,PH050000000,G4611
Canaman,PH051710000,PH051700000,PH050000000,G4611
Caramoan,PH051711000,PH051700000,PH050000000,no_station
Del Gallego,PH051712000,PH051700000,PH050000000,no_station
Gainza,PH051713000,PH051700000,PH050000000,G4611
Garchitorena,PH051714000,PH051700000,PH050000000,no_station
Goa,PH051715000,PH051700000,PH050000000,no_station
Iriga City,PH051716000,PH051700000,PH050000000,G4611
Milaor,PH051721000,PH051700000,PH050000000,G4611
Minalabac,PH051722000,PH051700000,PH050000000,G4611
Nabua,PH051723000,PH051700000,PH050000000,G4611
Naga City,PH051724000,PH051700000,PH050000000,G4611
Ocampo,PH051725000,PH051700000,PH050000000,G4611
Hinabangan,PH086008000,PH086000000,PH080000000,no_station
Jiabong,PH086009000,PH086000000,PH080000000,no_station
Marabut,PH086010000,PH086000000,PH080000000,no_station
Pamplona,PH051726000,PH051700000,PH050000000,G4611
Tigaon,PH051736000,PH051700000,PH050000000,G4611
Tinambac,PH051737000,PH051700000,PH050000000,no_station
Bagamanoc,PH052001000,PH052000000,PH050000000,no_station
Baras,PH052002000,PH052000000,PH050000000,no_station
Bato,PH052003000,PH052000000,PH050000000,no_station
Caramoran,PH052004000,PH052000000,PH050000000,no_station
Gigmoto,PH052005000,PH052000000,PH050000000,no_station
Pandan,PH052006000,PH052000000,PH050000000,no_station
Panganiban,PH052007000,PH052000000,PH050000000,no_station
San Andres,PH052008000,PH052000000,PH050000000,no_station
Irosin,PH056209000,PH056200000,PH050000000,no_station
Juban,PH056210000,PH056200000,PH050000000,no_station
Magallanes,PH056211000,PH056200000,PH050000000,no_station
Matnog,PH056212000,PH056200000,PH050000000,no_station
Pilar,PH056213000,PH056200000,PH050000000,no_station
Prieto Diaz,PH056214000,PH056200000,PH050000000,no_station
Santa Magdalena,PH056215000,PH056200000,PH050000000,no_station
City of Sorsogon,PH056216000,PH056200000,PH050000000,no_station
Altavas,PH060401000,PH060400000,PH060000000,no_station
Balete,PH060402000,PH060400000,PH060000000,no_station
Lezo,PH060408000,PH060400000,PH060000000,no_station
Banga,PH060403000,PH060400000,PH060000000,no_station
Batan,PH060404000,PH060400000,PH060000000,no_station
Buruanga,PH060405000,PH060400000,PH060000000,no_station
Ibajay,PH060406000,PH060400000,PH060000000,no_station
Kalibo,PH060407000,PH060400000,PH060000000,no_station
Libacao,PH060409000,PH060400000,PH060000000,no_station
Madalag,PH060410000,PH060400000,PH060000000,no_station
Makato,PH060411000,PH060400000,PH060000000,no_station
Malay,PH060412000,PH060400000,PH060000000,no_station
Malinao,PH060413000,PH060400000,PH060000000,no_station
Nabas,PH060414000,PH060400000,PH060000000,no_station
New Washington,PH060415000,PH060400000,PH060000000,no_station
Numancia,PH060416000,PH060400000,PH060000000,no_station
Tangalan,PH060417000,PH060400000,PH060000000,no_station
Anini-Y,PH060601000,PH060600000,PH060000000,no_station
Barbaza,PH060602000,PH060600000,PH060000000,no_station
Belison,PH060603000,PH060600000,PH060000000,no_station
Bugasong,PH060604000,PH060600000,PH060000000,no_station
Caluya,PH060605000,PH060600000,PH060000000,no_station
Culasi,PH060606000,PH060600000,PH060000000,no_station
Tobias Fornier,PH060607000,PH060600000,PH060000000,no_station
Hamtic,PH060608000,PH060600000,PH060000000,no_station
Laua-An,PH060609000,PH060600000,PH060000000,no_station
Libertad,PH060610000,PH060600000,PH060000000,no_station
Pandan,PH060611000,PH060600000,PH060000000,no_station
Patnongon,PH060612000,PH060600000,PH060000000,no_station
San Jose,PH060613000,PH060600000,PH060000000,no_station
Matuguinao,PH086011000,PH086000000,PH080000000,no_station
Motiong,PH086012000,PH086000000,PH080000000,no_station
Cuartero,PH061901000,PH061900000,PH060000000,G5369
Dao,PH061902000,PH061900000,PH060000000,G5369
Pinabacdao,PH086013000,PH086000000,PH080000000,no_station
San Jose de Buan,PH086014000,PH086000000,PH080000000,no_station
San Sebastian,PH086015000,PH086000000,PH080000000,no_station
Santa Margarita,PH086016000,PH086000000,PH080000000,no_station
Santa Rita,PH086017000,PH086000000,PH080000000,no_station
Santo NiÃƒÂ±o,PH086018000,PH086000000,PH080000000,no_station
Talalora,PH086019000,PH086000000,PH080000000,no_station
Dumalag,PH061903000,PH061900000,PH060000000,G5369
Dumarao,PH061904000,PH061900000,PH060000000,G5369
Ivisan,PH061905000,PH061900000,PH060000000,G5369
Jamindan,PH061906000,PH061900000,PH060000000,G5369
San Jorge,PH086025000,PH086000000,PH080000000,no_station
Pagsanghan,PH086026000,PH086000000,PH080000000,no_station
Anahawan,PH086401000,PH086400000,PH080000000,no_station
Bontoc,PH086402000,PH086400000,PH080000000,no_station
Hinunangan,PH086403000,PH086400000,PH080000000,no_station
Hinundayan,PH086404000,PH086400000,PH080000000,no_station
Libagon,PH086405000,PH086400000,PH080000000,no_station
Liloan,PH086406000,PH086400000,PH080000000,no_station
City of Maasin,PH086407000,PH086400000,PH080000000,no_station
Macrohon,PH086408000,PH086400000,PH080000000,no_station
Malitbog,PH086409000,PH086400000,PH080000000,no_station
Ma-Ayon,PH061907000,PH061900000,PH060000000,G5369
Mambusao,PH061908000,PH061900000,PH060000000,G5369
Panay,PH061909000,PH061900000,PH060000000,G5369
Pintuyan,PH086411000,PH086400000,PH080000000,no_station
Saint Bernard,PH086412000,PH086400000,PH080000000,no_station
San Francisco,PH086413000,PH086400000,PH080000000,no_station
San Juan,PH086414000,PH086400000,PH080000000,no_station
San Ricardo,PH086415000,PH086400000,PH080000000,no_station
Silago,PH086416000,PH086400000,PH080000000,no_station
Sogod,PH086417000,PH086400000,PH080000000,no_station
Tomas Oppus,PH086418000,PH086400000,PH080000000,no_station
Limasawa,PH086419000,PH086400000,PH080000000,no_station
Almeria,PH087801000,PH087800000,PH080000000,no_station
Biliran,PH087802000,PH087800000,PH080000000,no_station
Cabucgayan,PH087803000,PH087800000,PH080000000,no_station
Caibiran,PH087804000,PH087800000,PH080000000,no_station
Culaba,PH087805000,PH087800000,PH080000000,no_station
Kawayan,PH087806000,PH087800000,PH080000000,no_station
Maripipi,PH087807000,PH087800000,PH080000000,no_station
Naval,PH087808000,PH087800000,PH080000000,no_station
Dapitan City,PH097201000,PH097200000,PH090000000,no_station
Dipolog City,PH097202000,PH097200000,PH090000000,no_station
Katipunan,PH097203000,PH097200000,PH090000000,no_station
Panitan,PH061910000,PH061900000,PH060000000,G5369
Pilar,PH061911000,PH061900000,PH060000000,G5369
Pontevedra,PH061912000,PH061900000,PH060000000,G5369
President Roxas,PH061913000,PH061900000,PH060000000,G5369
Roxas City,PH061914000,PH061900000,PH060000000,G5369
Sapi-An,PH061915000,PH061900000,PH060000000,G5369
Sigma,PH061916000,PH061900000,PH060000000,G5369
Tapaz,PH061917000,PH061900000,PH060000000,G5369
Ajuy,PH063001000,PH063000000,PH060000000,no_station
Alimodian,PH063002000,PH063000000,PH060000000,no_station
Anilao,PH063003000,PH063000000,PH060000000,no_station
Badiangan,PH063004000,PH063000000,PH060000000,no_station
Balasan,PH063005000,PH063000000,PH060000000,no_station
Banate,PH063006000,PH063000000,PH060000000,no_station
Cabatuan,PH063012000,PH063000000,PH060000000,no_station
Calinog,PH063013000,PH063000000,PH060000000,no_station
Carles,PH063014000,PH063000000,PH060000000,no_station
Concepcion,PH063015000,PH063000000,PH060000000,no_station
Dingle,PH063016000,PH063000000,PH060000000,no_station
DueÃƒÂ±as,PH063017000,PH063000000,PH060000000,no_station
Dumangas,PH063018000,PH063000000,PH060000000,no_station
Estancia,PH063019000,PH063000000,PH060000000,no_station
Guimbal,PH063020000,PH063000000,PH060000000,no_station
Igbaras,PH063021000,PH063000000,PH060000000,no_station
Iloilo City,PH063022000,PH063000000,PH060000000,no_station
Janiuay,PH063023000,PH063000000,PH060000000,no_station
Lambunao,PH063025000,PH063000000,PH060000000,no_station
Leganes,PH063026000,PH063000000,PH060000000,no_station
Lemery,PH063027000,PH063000000,PH060000000,no_station
Leon,PH063028000,PH063000000,PH060000000,no_station
Maasin,PH063029000,PH063000000,PH060000000,no_station
Miagao,PH063030000,PH063000000,PH060000000,no_station
Mina,PH063031000,PH063000000,PH060000000,no_station
New Lucena,PH063032000,PH063000000,PH060000000,no_station
Oton,PH063034000,PH063000000,PH060000000,no_station
City of Passi,PH063035000,PH063000000,PH060000000,no_station
Luba,PH140114000,PH140100000,PH140000000,no_station
Pavia,PH063036000,PH063000000,PH060000000,no_station
Pototan,PH063037000,PH063000000,PH060000000,no_station
San Dionisio,PH063038000,PH063000000,PH060000000,no_station
Compostela,PH118201000,PH118200000,PH110000000,G4945
San Enrique,PH063039000,PH063000000,PH060000000,no_station
San Joaquin,PH063040000,PH063000000,PH060000000,no_station
Carmen,PH071212000,PH071200000,PH070000000,no_station
Catigbian,PH071213000,PH071200000,PH070000000,no_station
Clarin,PH071214000,PH071200000,PH070000000,no_station
Laak,PH118202000,PH118200000,PH110000000,no_station
Mabini,PH118203000,PH118200000,PH110000000,no_station
Maco,PH118204000,PH118200000,PH110000000,no_station
San Miguel,PH063041000,PH063000000,PH060000000,no_station
San Rafael,PH063042000,PH063000000,PH060000000,no_station
Corella,PH071215000,PH071200000,PH070000000,no_station
Cortes,PH071216000,PH071200000,PH070000000,no_station
Dagohoy,PH071217000,PH071200000,PH070000000,no_station
Santa Barbara,PH063043000,PH063000000,PH060000000,no_station
Sara,PH063044000,PH063000000,PH060000000,no_station
Tigbauan,PH063045000,PH063000000,PH060000000,no_station
Tubungan,PH063046000,PH063000000,PH060000000,no_station
Zarraga,PH063047000,PH063000000,PH060000000,no_station
Buenavista,PH067901000,PH067900000,PH060000000,no_station
Jordan,PH067902000,PH067900000,PH060000000,no_station
Nueva Valencia,PH067903000,PH067900000,PH060000000,no_station
San Lorenzo,PH067904000,PH067900000,PH060000000,no_station
Sibunag,PH067905000,PH067900000,PH060000000,no_station
Alburquerque,PH071201000,PH071200000,PH070000000,no_station
Antequera,PH071204000,PH071200000,PH070000000,no_station
Baclayon,PH071205000,PH071200000,PH070000000,no_station
Balilihan,PH071206000,PH071200000,PH070000000,no_station
Batuan,PH071207000,PH071200000,PH070000000,no_station
Bilar,PH071208000,PH071200000,PH070000000,no_station
Buenavista,PH071209000,PH071200000,PH070000000,no_station
Calape,PH071210000,PH071200000,PH070000000,no_station
San Isidro,PH071237000,PH071200000,PH070000000,no_station
San Miguel,PH071238000,PH071200000,PH070000000,no_station
Trinidad,PH071244000,PH071200000,PH070000000,no_station
Tubigon,PH071245000,PH071200000,PH070000000,no_station
Ubay,PH071246000,PH071200000,PH070000000,no_station
Valencia,PH071247000,PH071200000,PH070000000,no_station
Bien Unido,PH071248000,PH071200000,PH070000000,no_station
Alcantara,PH072201000,PH072200000,PH070000000,no_station
Alcoy,PH072202000,PH072200000,PH070000000,no_station
Alegria,PH072203000,PH072200000,PH070000000,no_station
Aloguinsan,PH072204000,PH072200000,PH070000000,no_station
Argao,PH072205000,PH072200000,PH070000000,no_station
Asturias,PH072206000,PH072200000,PH070000000,no_station
Badian,PH072207000,PH072200000,PH070000000,no_station
Balamban,PH072208000,PH072200000,PH070000000,no_station
Bantayan,PH072209000,PH072200000,PH070000000,no_station
Barili,PH072210000,PH072200000,PH070000000,no_station
City of Bogo,PH072211000,PH072200000,PH070000000,no_station
Boljoon,PH072212000,PH072200000,PH070000000,no_station
Borbon,PH072213000,PH072200000,PH070000000,no_station
City of Carcar,PH072214000,PH072200000,PH070000000,no_station
Carmen,PH072215000,PH072200000,PH070000000,no_station
Catmon,PH072216000,PH072200000,PH070000000,no_station
Cebu City,PH072217000,PH072200000,PH070000000,no_station
Compostela,PH072218000,PH072200000,PH070000000,no_station
Consolacion,PH072219000,PH072200000,PH070000000,no_station
Cordova,PH072220000,PH072200000,PH070000000,no_station
Daanbantayan,PH072221000,PH072200000,PH070000000,no_station
Dalaguete,PH072222000,PH072200000,PH070000000,no_station
Danao City,PH072223000,PH072200000,PH070000000,no_station
Dumanjug,PH072224000,PH072200000,PH070000000,no_station
Ginatilan,PH072225000,PH072200000,PH070000000,no_station
Lapu-Lapu City,PH072226000,PH072200000,PH070000000,no_station
Liloan,PH072227000,PH072200000,PH070000000,no_station
Madridejos,PH072228000,PH072200000,PH070000000,no_station
Malabuyoc,PH072229000,PH072200000,PH070000000,no_station
Mandaue City,PH072230000,PH072200000,PH070000000,no_station
Medellin,PH072231000,PH072200000,PH070000000,no_station
Minglanilla,PH072232000,PH072200000,PH070000000,no_station
Moalboal,PH072233000,PH072200000,PH070000000,no_station
City of Naga,PH072234000,PH072200000,PH070000000,no_station
Oslob,PH072235000,PH072200000,PH070000000,no_station
Pilar,PH072236000,PH072200000,PH070000000,no_station
Pinamungahan,PH072237000,PH072200000,PH070000000,no_station
Poro,PH072238000,PH072200000,PH070000000,no_station
Ronda,PH072239000,PH072200000,PH070000000,no_station
Samboan,PH072240000,PH072200000,PH070000000,no_station
San Fernando,PH072241000,PH072200000,PH070000000,no_station
Alangalang,PH083702000,PH083700000,PH080000000,no_station
Albuera,PH083703000,PH083700000,PH080000000,no_station
Babatngon,PH083705000,PH083700000,PH080000000,no_station
Barugo,PH083706000,PH083700000,PH080000000,no_station
Bato,PH083707000,PH083700000,PH080000000,no_station
City of Baybay,PH083708000,PH083700000,PH080000000,no_station
Burauen,PH083710000,PH083700000,PH080000000,no_station
Calubian,PH083713000,PH083700000,PH080000000,no_station
Capoocan,PH083714000,PH083700000,PH080000000,no_station
Carigara,PH083715000,PH083700000,PH080000000,no_station
Dagami,PH083717000,PH083700000,PH080000000,no_station
Dulag,PH083718000,PH083700000,PH080000000,no_station
Hilongos,PH083719000,PH083700000,PH080000000,no_station
Hindang,PH083720000,PH083700000,PH080000000,no_station
Inopacan,PH083721000,PH083700000,PH080000000,no_station
Isabel,PH083722000,PH083700000,PH080000000,no_station
Jaro,PH083723000,PH083700000,PH080000000,no_station
Javier,PH083724000,PH083700000,PH080000000,no_station
Maragusan,PH118205000,PH118200000,PH110000000,no_station
Julita,PH083725000,PH083700000,PH080000000,no_station
Kananga,PH083726000,PH083700000,PH080000000,no_station
La Paz,PH083728000,PH083700000,PH080000000,no_station
Leyte,PH083729000,PH083700000,PH080000000,no_station
Macarthur,PH083730000,PH083700000,PH080000000,no_station
Mahaplag,PH083731000,PH083700000,PH080000000,no_station
Matag-Ob,PH083733000,PH083700000,PH080000000,no_station
Matalom,PH083734000,PH083700000,PH080000000,no_station
Mayorga,PH083735000,PH083700000,PH080000000,no_station
Merida,PH083736000,PH083700000,PH080000000,no_station
Ormoc City,PH083738000,PH083700000,PH080000000,no_station
Palo,PH083739000,PH083700000,PH080000000,no_station
Palompon,PH083740000,PH083700000,PH080000000,no_station
Pastrana,PH083741000,PH083700000,PH080000000,no_station
San Isidro,PH083742000,PH083700000,PH080000000,no_station
San Miguel,PH083743000,PH083700000,PH080000000,no_station
Santa Fe,PH083744000,PH083700000,PH080000000,no_station
Tabango,PH083745000,PH083700000,PH080000000,no_station
Tabontabon,PH083746000,PH083700000,PH080000000,no_station
Tacloban City,PH083747000,PH083700000,PH080000000,no_station
Tanauan,PH083748000,PH083700000,PH080000000,no_station
Tolosa,PH083749000,PH083700000,PH080000000,no_station
Mawab,PH118206000,PH118200000,PH110000000,no_station
Tunga,PH083750000,PH083700000,PH080000000,no_station
Villaba,PH083751000,PH083700000,PH080000000,no_station
Allen,PH084801000,PH084800000,PH080000000,no_station
Biri,PH084802000,PH084800000,PH080000000,no_station
Bobon,PH084803000,PH084800000,PH080000000,no_station
Capul,PH084804000,PH084800000,PH080000000,no_station
Catarman,PH084805000,PH084800000,PH080000000,no_station
Catubig,PH084806000,PH084800000,PH080000000,no_station
Gamay,PH084807000,PH084800000,PH080000000,no_station
Laoang,PH084808000,PH084800000,PH080000000,no_station
Lapinig,PH084809000,PH084800000,PH080000000,no_station
Tarangnan,PH086020000,PH086000000,PH080000000,no_station
Villareal,PH086021000,PH086000000,PH080000000,no_station
Paranas,PH086022000,PH086000000,PH080000000,no_station
Zumarraga,PH086023000,PH086000000,PH080000000,no_station
Tagapul-An,PH086024000,PH086000000,PH080000000,no_station
La Libertad,PH097204000,PH097200000,PH090000000,no_station
Labason,PH097205000,PH097200000,PH090000000,no_station
Liloy,PH097206000,PH097200000,PH090000000,no_station
Manukan,PH097207000,PH097200000,PH090000000,no_station
Mutia,PH097208000,PH097200000,PH090000000,no_station
PiÃƒÂ±an,PH097209000,PH097200000,PH090000000,no_station
Polanco,PH097210000,PH097200000,PH090000000,no_station
Pres. Manuel A. Roxas,PH097211000,PH097200000,PH090000000,no_station
Rizal,PH097212000,PH097200000,PH090000000,no_station
Salug,PH097213000,PH097200000,PH090000000,no_station
Sergio OsmeÃƒÂ±a Sr.,PH097214000,PH097200000,PH090000000,no_station
New Bataan,PH118210000,PH118200000,PH110000000,G4945
Pantukan,PH118211000,PH118200000,PH110000000,no_station
Don Marcelino,PH118601000,PH118600000,PH110000000,no_station
Jose Abad Santos,PH118602000,PH118600000,PH110000000,no_station
Malita,PH118603000,PH118600000,PH110000000,no_station
Siayan,PH097215000,PH097200000,PH090000000,no_station
Sibuco,PH097216000,PH097200000,PH090000000,no_station
Sibutad,PH097217000,PH097200000,PH090000000,no_station
Sindangan,PH097218000,PH097200000,PH090000000,no_station
Siocon,PH097219000,PH097200000,PH090000000,no_station
Sirawai,PH097220000,PH097200000,PH090000000,no_station
Tampilisan,PH097221000,PH097200000,PH090000000,no_station
Jose Dalman,PH097222000,PH097200000,PH090000000,no_station
Gutalac,PH097223000,PH097200000,PH090000000,no_station
Baliguian,PH097224000,PH097200000,PH090000000,no_station
Godod,PH097225000,PH097200000,PH090000000,no_station
Bacungan,PH097226000,PH097200000,PH090000000,no_station
Kalawit,PH097227000,PH097200000,PH090000000,no_station
Aurora,PH097302000,PH097300000,PH090000000,no_station
Bayog,PH097303000,PH097300000,PH090000000,no_station
Dimataling,PH097305000,PH097300000,PH090000000,no_station
Dinas,PH097306000,PH097300000,PH090000000,no_station
Dumalinao,PH097307000,PH097300000,PH090000000,no_station
Sarangani,PH118605000,PH118600000,PH110000000,no_station
Alamada,PH124701000,PH124700000,PH120000000,no_station
Dumingag,PH097308000,PH097300000,PH090000000,no_station
Kumalarang,PH097311000,PH097300000,PH090000000,no_station
Labangan,PH097312000,PH097300000,PH090000000,no_station
Lapuyan,PH097313000,PH097300000,PH090000000,no_station
Midsalip,PH097318000,PH097300000,PH090000000,no_station
Mahayag,PH097315000,PH097300000,PH090000000,no_station
Margosatubig,PH097317000,PH097300000,PH090000000,no_station
Molave,PH097319000,PH097300000,PH090000000,no_station
Pagadian City,PH097322000,PH097300000,PH090000000,no_station
Ramon Magsaysay,PH097323000,PH097300000,PH090000000,no_station
San Miguel,PH097324000,PH097300000,PH090000000,no_station
San Pablo,PH097325000,PH097300000,PH090000000,no_station
Tabina,PH097327000,PH097300000,PH090000000,no_station
Tambulig,PH097328000,PH097300000,PH090000000,no_station
Tukuran,PH097330000,PH097300000,PH090000000,no_station
Zamboanga City,PH097332000,PH097300000,PH090000000,no_station
Tantangan,PH126315000,PH126300000,PH120000000,no_station
T'Boli,PH126316000,PH126300000,PH120000000,no_station
Lakewood,PH097333000,PH097300000,PH090000000,no_station
Santo NiÃƒÂ±o,PH126318000,PH126300000,PH120000000,no_station
Lake Sebu,PH126319000,PH126300000,PH120000000,no_station
Bagumbayan,PH126501000,PH126500000,PH120000000,no_station
Josefina,PH097337000,PH097300000,PH090000000,no_station
Pitogo,PH097338000,PH097300000,PH090000000,no_station
Sominot,PH097340000,PH097300000,PH090000000,no_station
Guipos,PH097343000,PH097300000,PH090000000,no_station
Imelda,PH098304000,PH098300000,PH090000000,no_station
Ipil,PH098305000,PH098300000,PH090000000,no_station
Kabasalan,PH098306000,PH098300000,PH090000000,no_station
Mabuhay,PH098307000,PH098300000,PH090000000,no_station
Malangas,PH098308000,PH098300000,PH090000000,no_station
Tigbao,PH097344000,PH097300000,PH090000000,no_station
Alicia,PH098301000,PH098300000,PH090000000,no_station
Buug,PH098302000,PH098300000,PH090000000,no_station
Diplahan,PH098303000,PH098300000,PH090000000,no_station
Olutanga,PH098310000,PH098300000,PH090000000,no_station
Payao,PH098311000,PH098300000,PH090000000,no_station
Roseller Lim,PH098312000,PH098300000,PH090000000,no_station
Siay,PH098313000,PH098300000,PH090000000,no_station
Talusan,PH098314000,PH098300000,PH090000000,no_station
Titay,PH098315000,PH098300000,PH090000000,no_station
Tungawan,PH098316000,PH098300000,PH090000000,no_station
City of Isabela,PH099701000,PH099700000,PH090000000,no_station
Baungon,PH101301000,PH101300000,PH100000000,no_station
Damulog,PH101302000,PH101300000,PH100000000,no_station
Dangcagan,PH101303000,PH101300000,PH100000000,no_station
Don Carlos,PH101304000,PH101300000,PH100000000,no_station
Impasug-Ong,PH101305000,PH101300000,PH100000000,no_station
Kadingilan,PH101306000,PH101300000,PH100000000,no_station
Kalilangan,PH101307000,PH101300000,PH100000000,no_station
Kibawe,PH101308000,PH101300000,PH100000000,no_station
Kitaotao,PH101309000,PH101300000,PH100000000,no_station
Lantapan,PH101310000,PH101300000,PH100000000,no_station
Libona,PH101311000,PH101300000,PH100000000,no_station
San Fernando,PH101318000,PH101300000,PH100000000,no_station
Sumilao,PH101319000,PH101300000,PH100000000,no_station
Talakag,PH101320000,PH101300000,PH100000000,no_station
City of Valencia,PH101321000,PH101300000,PH100000000,no_station
Cabanglasan,PH101322000,PH101300000,PH100000000,no_station
Catarman,PH101801000,PH101800000,PH100000000,no_station
Guinsiliban,PH101802000,PH101800000,PH100000000,no_station
Mahinog,PH101803000,PH101800000,PH100000000,no_station
Mambajao,PH101804000,PH101800000,PH100000000,no_station
Sagay,PH101805000,PH101800000,PH100000000,no_station
Bacolod,PH103501000,PH103500000,PH100000000,no_station
Baloi,PH103502000,PH103500000,PH100000000,no_station
Baroy,PH103503000,PH103500000,PH100000000,no_station
Iligan City,PH103504000,PH103500000,PH100000000,no_station
Kapatagan,PH103505000,PH103500000,PH100000000,no_station
Sultan Naga Dimaporo,PH103506000,PH103500000,PH100000000,no_station
Nunungan,PH103515000,PH103500000,PH100000000,no_station
Pantao Ragat,PH103516000,PH103500000,PH100000000,no_station
Poona Piagapo,PH103517000,PH103500000,PH100000000,no_station
Salvador,PH103518000,PH103500000,PH100000000,no_station
Sapad,PH103519000,PH103500000,PH100000000,no_station
Tagoloan,PH103520000,PH103500000,PH100000000,no_station
Tangcal,PH103521000,PH103500000,PH100000000,no_station
Tubod,PH103522000,PH103500000,PH100000000,no_station
Pantar,PH103523000,PH103500000,PH100000000,no_station
Aloran,PH104201000,PH104200000,PH100000000,no_station
Baliangao,PH104202000,PH104200000,PH100000000,no_station
Bonifacio,PH104203000,PH104200000,PH100000000,no_station
Calamba,PH104204000,PH104200000,PH100000000,no_station
Clarin,PH104205000,PH104200000,PH100000000,no_station
Concepcion,PH104206000,PH104200000,PH100000000,no_station
Jimenez,PH104207000,PH104200000,PH100000000,no_station
Lopez Jaena,PH104208000,PH104200000,PH100000000,no_station
Oroquieta City,PH104209000,PH104200000,PH100000000,no_station
Ozamis City,PH104210000,PH104200000,PH100000000,no_station
Panaon,PH104211000,PH104200000,PH100000000,no_station
Plaridel,PH104212000,PH104200000,PH100000000,no_station
Sapang Dalaga,PH104213000,PH104200000,PH100000000,no_station
Sinacaban,PH104214000,PH104200000,PH100000000,no_station
Tangub City,PH104215000,PH104200000,PH100000000,no_station
Tudela,PH104216000,PH104200000,PH100000000,no_station
New Corella,PH112314000,PH112300000,PH110000000,no_station
City of Panabo,PH112315000,PH112300000,PH110000000,no_station
Island Garden City of Samal,PH112317000,PH112300000,PH110000000,no_station
Columbio,PH126502000,PH126500000,PH120000000,no_station
Malibcong,PH140115000,PH140100000,PH140000000,no_station
Santo Tomas,PH112318000,PH112300000,PH110000000,no_station
City of Tagum,PH112319000,PH112300000,PH110000000,no_station
Talaingod,PH112322000,PH112300000,PH110000000,no_station
Manabo,PH140116000,PH140100000,PH140000000,no_station
Braulio E. Dujali,PH112323000,PH112300000,PH110000000,no_station
San Isidro,PH112324000,PH112300000,PH110000000,no_station
Bansalan,PH112401000,PH112400000,PH110000000,no_station
Davao City,PH112402000,PH112400000,PH110000000,no_station
City of Digos,PH112403000,PH112400000,PH110000000,no_station
Hagonoy,PH112404000,PH112400000,PH110000000,no_station
Kiblawan,PH112406000,PH112400000,PH110000000,no_station
Magsaysay,PH112407000,PH112400000,PH110000000,no_station
Malalag,PH112408000,PH112400000,PH110000000,no_station
Binondo,PH133902000,PH133900000,PH130000000,no_station
Matanao,PH112410000,PH112400000,PH110000000,no_station
Monkayo,PH118207000,PH118200000,PH110000000,G4945
Quiapo,PH133903000,PH133900000,PH130000000,no_station
Montevista,PH118208000,PH118200000,PH110000000,G4945
Nabunturan,PH118209000,PH118200000,PH110000000,G4945
San Nicolas,PH133904000,PH133900000,PH130000000,no_station
Kabacan,PH124703000,PH124700000,PH120000000,G1970
City of Kidapawan,PH124704000,PH124700000,PH120000000,no_station
Intramuros,PH133909000,PH133900000,PH130000000,no_station
Libungan,PH124705000,PH124700000,PH120000000,no_station
Magpet,PH124706000,PH124700000,PH120000000,no_station
Makilala,PH124707000,PH124700000,PH120000000,no_station
Matalam,PH124708000,PH124700000,PH120000000,G1970
Midsayap,PH124709000,PH124700000,PH120000000,no_station
Boliney,PH140102000,PH140100000,PH140000000,no_station
M'Lang,PH124710000,PH124700000,PH120000000,no_station
Bucay,PH140103000,PH140100000,PH140000000,no_station
Pigkawayan,PH124711000,PH124700000,PH120000000,G1969
Pikit,PH124712000,PH124700000,PH120000000,G1970
President Roxas,PH124713000,PH124700000,PH120000000,no_station
Tulunan,PH124714000,PH124700000,PH120000000,no_station
Antipas,PH124715000,PH124700000,PH120000000,no_station
Banisilan,PH124716000,PH124700000,PH120000000,no_station
Aleosan,PH124717000,PH124700000,PH120000000,no_station
Arakan,PH124718000,PH124700000,PH120000000,no_station
Bucloc,PH140104000,PH140100000,PH140000000,no_station
Daguioman,PH140105000,PH140100000,PH140000000,no_station
Banga,PH126302000,PH126300000,PH120000000,no_station
General Santos City,PH126303000,PH126300000,PH120000000,no_station
PeÃƒÂ±arrubia,PH140117000,PH140100000,PH140000000,no_station
City of Koronadal,PH126306000,PH126300000,PH120000000,no_station
Norala,PH126311000,PH126300000,PH120000000,no_station
Polomolok,PH126312000,PH126300000,PH120000000,no_station
Surallah,PH126313000,PH126300000,PH120000000,no_station
Tampakan,PH126314000,PH126300000,PH120000000,no_station
Tupi,PH126317000,PH126300000,PH120000000,no_station
Pidigan,PH140118000,PH140100000,PH140000000,no_station
Esperanza,PH126503000,PH126500000,PH120000000,no_station
Isulan,PH126504000,PH126500000,PH120000000,no_station
Kalamansig,PH126505000,PH126500000,PH120000000,no_station
Lebak,PH126506000,PH126500000,PH120000000,no_station
Lutayan,PH126507000,PH126500000,PH120000000,no_station
Lambayong,PH126508000,PH126500000,PH120000000,no_station
Palimbang,PH126509000,PH126500000,PH120000000,no_station
President Quirino,PH126510000,PH126500000,PH120000000,no_station
City of Tacurong,PH126511000,PH126500000,PH120000000,no_station
Sen. Ninoy Aquino,PH126512000,PH126500000,PH120000000,no_station
Alabel,PH128001000,PH128000000,PH120000000,no_station
Glan,PH128002000,PH128000000,PH120000000,no_station
Kiamba,PH128003000,PH128000000,PH120000000,no_station
Maasim,PH128004000,PH128000000,PH120000000,no_station
Maitum,PH128005000,PH128000000,PH120000000,no_station
Malapatan,PH128006000,PH128000000,PH120000000,no_station
Malungon,PH128007000,PH128000000,PH120000000,no_station
Cotabato City,PH129804000,PH129800000,PH120000000,G1969
Tondo I / II,PH133901000,PH133900000,PH130000000,no_station
Santa Cruz,PH133905000,PH133900000,PH130000000,no_station
Sampaloc,PH133906000,PH133900000,PH130000000,no_station
San Miguel,PH133907000,PH133900000,PH130000000,no_station
Danglas,PH140106000,PH140100000,PH140000000,no_station
Dolores,PH140107000,PH140100000,PH140000000,no_station
Ermita,PH133908000,PH133900000,PH130000000,no_station
Malate,PH133910000,PH133900000,PH130000000,no_station
Paco,PH133911000,PH133900000,PH130000000,no_station
Pandacan,PH133912000,PH133900000,PH130000000,no_station
Port Area,PH133913000,PH133900000,PH130000000,no_station
Santa Ana,PH133914000,PH133900000,PH130000000,no_station
Lacub,PH140109000,PH140100000,PH140000000,no_station
City of Mandaluyong,PH137401000,PH137400000,PH130000000,no_station
City of Marikina,PH137402000,PH137400000,PH130000000,no_station
City of Pasig,PH137403000,PH137400000,PH130000000,no_station
Quezon City,PH137404000,PH137400000,PH130000000,no_station
City of San Juan,PH137405000,PH137400000,PH130000000,no_station
Caloocan City,PH137501000,PH137500000,PH130000000,no_station
City of Malabon,PH137502000,PH137500000,PH130000000,no_station
City of Navotas,PH137503000,PH137500000,PH130000000,no_station
City of Valenzuela,PH137504000,PH137500000,PH130000000,no_station
City of Las PiÃƒÂ±as,PH137601000,PH137600000,PH130000000,no_station
City of Makati,PH137602000,PH137600000,PH130000000,no_station
City of Muntinlupa,PH137603000,PH137600000,PH130000000,no_station
City of ParaÃƒÂ±aque,PH137604000,PH137600000,PH130000000,no_station
Pasay City,PH137605000,PH137600000,PH130000000,no_station
Pateros,PH137606000,PH137600000,PH130000000,no_station
Taguig City,PH137607000,PH137600000,PH130000000,no_station
Bangued,PH140101000,PH140100000,PH140000000,no_station
La Paz,PH140108000,PH140100000,PH140000000,no_station
Lagangilang,PH140110000,PH140100000,PH140000000,no_station
Lagayan,PH140111000,PH140100000,PH140000000,no_station
Langiden,PH140112000,PH140100000,PH140000000,no_station
Licuan-Baay,PH140113000,PH140100000,PH140000000,no_station
Pilar,PH140119000,PH140100000,PH140000000,no_station
Sallapadan,PH140120000,PH140100000,PH140000000,no_station
San Isidro,PH140121000,PH140100000,PH140000000,no_station
San Juan,PH140122000,PH140100000,PH140000000,no_station
San Quintin,PH140123000,PH140100000,PH140000000,no_station
Tayum,PH140124000,PH140100000,PH140000000,no_station
Tubo,PH140126000,PH140100000,PH140000000,no_station
Kapangan,PH141108000,PH141100000,PH140000000,no_station
Villaviciosa,PH140127000,PH140100000,PH140000000,no_station
Sablan,PH141112000,PH141100000,PH140000000,no_station
Tuba,PH141113000,PH141100000,PH140000000,no_station
Atok,PH141101000,PH141100000,PH140000000,no_station
Datu Salibo,PH153836000,PH153800000,PH150000000,no_station
Baguio City,PH141102000,PH141100000,PH140000000,no_station
Bakun,PH141103000,PH141100000,PH140000000,no_station
Bokod,PH141104000,PH141100000,PH140000000,no_station
Buguias,PH141105000,PH141100000,PH140000000,no_station
Kibungan,PH141109000,PH141100000,PH140000000,no_station
Itogon,PH141106000,PH141100000,PH140000000,no_station
Hungduan,PH142702000,PH142700000,PH140000000,no_station
Tublay,PH141114000,PH141100000,PH140000000,no_station
La Trinidad,PH141110000,PH141100000,PH140000000,no_station
Mankayan,PH141111000,PH141100000,PH140000000,no_station
Kiangan,PH142703000,PH142700000,PH140000000,no_station
Lagawe,PH142704000,PH142700000,PH140000000,no_station
Santiago,PH160210000,PH160200000,PH160000000,G5368
Tubay,PH160211000,PH160200000,PH160000000,G5368
Alfonso Lista,PH142707000,PH142700000,PH140000000,no_station
Banaue,PH142701000,PH142700000,PH140000000,no_station
Lamut,PH142705000,PH142700000,PH140000000,no_station
Mayoyao,PH142706000,PH142700000,PH140000000,no_station
Aguinaldo,PH142708000,PH142700000,PH140000000,no_station
Tinglayan,PH143215000,PH143200000,PH140000000,no_station
Barlig,PH144401000,PH144400000,PH140000000,no_station
Lubuagan,PH143206000,PH143200000,PH140000000,no_station
Pasil,PH143208000,PH143200000,PH140000000,no_station
Remedios T. Romualdez,PH160212000,PH160200000,PH160000000,G5368
Pinukpuk,PH143209000,PH143200000,PH140000000,no_station
Gigaquit,PH166711000,PH166700000,PH160000000,no_station
Mainit,PH166714000,PH166700000,PH160000000,no_station
Malimono,PH166715000,PH166700000,PH160000000,no_station
Pilar,PH166716000,PH166700000,PH160000000,no_station
Placer,PH166717000,PH166700000,PH160000000,no_station
Sagada,PH144409000,PH144400000,PH140000000,no_station
San Benito,PH166718000,PH166700000,PH160000000,no_station
San Francisco,PH166719000,PH166700000,PH160000000,no_station
San Isidro,PH166720000,PH166700000,PH160000000,no_station
Santa Monica,PH166721000,PH166700000,PH160000000,no_station
Bontoc,PH144404000,PH144400000,PH140000000,no_station
Natonin,PH144405000,PH144400000,PH140000000,no_station
Bauko,PH144402000,PH144400000,PH140000000,no_station
Besao,PH144403000,PH144400000,PH140000000,no_station
Tipo-Tipo,PH150706000,PH150700000,PH150000000,no_station
Calanasan,PH148101000,PH148100000,PH140000000,no_station
Conner,PH148102000,PH148100000,PH140000000,no_station
Flora,PH148103000,PH148100000,PH140000000,no_station
Sison,PH166722000,PH166700000,PH160000000,no_station
Socorro,PH166723000,PH166700000,PH160000000,no_station
Surigao City,PH166724000,PH166700000,PH160000000,no_station
Tagana-An,PH166725000,PH166700000,PH160000000,no_station
San Vicente,PH175319000,PH175300000,PH170000000,no_station
Mamasapano,PH153820000,PH153800000,PH150000000,no_station
Paracelis,PH144406000,PH144400000,PH140000000,no_station
Sabangan,PH144407000,PH144400000,PH140000000,no_station
Calatrava,PH175904000,PH175900000,PH170000000,no_station
Tadian,PH144410000,PH144400000,PH140000000,no_station
Santa Marcela,PH148107000,PH148100000,PH140000000,no_station
City of Lamitan,PH150702000,PH150700000,PH150000000,no_station
Lantawan,PH150703000,PH150700000,PH150000000,no_station
Maluso,PH150704000,PH150700000,PH150000000,no_station
Sumisip,PH150705000,PH150700000,PH150000000,no_station
Kabugao,PH148104000,PH148100000,PH140000000,no_station
Tuburan,PH150707000,PH150700000,PH150000000,no_station
Akbar,PH150708000,PH150700000,PH150000000,no_station
Al-Barka,PH150709000,PH150700000,PH150000000,no_station
Hadji Mohammad Ajul,PH150710000,PH150700000,PH150000000,no_station
Ungkaya Pukan,PH150711000,PH150700000,PH150000000,no_station
Hadji Muhtamad,PH150712000,PH150700000,PH150000000,no_station
Tabuan-Lasa,PH150713000,PH150700000,PH150000000,no_station
Tubod,PH166727000,PH166700000,PH160000000,no_station
Barobo,PH166801000,PH166800000,PH160000000,no_station
Bayabas,PH166802000,PH166800000,PH160000000,no_station
City of Bislig,PH166803000,PH166800000,PH160000000,no_station
Cagwait,PH166804000,PH166800000,PH160000000,no_station
Cantilan,PH166805000,PH166800000,PH160000000,no_station
Carmen,PH166806000,PH166800000,PH160000000,no_station
Carrascal,PH166807000,PH166800000,PH160000000,no_station
Cortes,PH166808000,PH166800000,PH160000000,no_station
Hinatuan,PH166809000,PH166800000,PH160000000,no_station
Lanuza,PH166810000,PH166800000,PH160000000,no_station
Lianga,PH166811000,PH166800000,PH160000000,no_station
Lingig,PH166812000,PH166800000,PH160000000,no_station
Madrid,PH166813000,PH166800000,PH160000000,no_station
Marihatag,PH166814000,PH166800000,PH160000000,no_station
San Agustin,PH166815000,PH166800000,PH160000000,no_station
Candoni,PH184506000,PH184500000,PH180000000,no_station
Luna,PH148105000,PH148100000,PH140000000,no_station
Pudtol,PH148106000,PH148100000,PH140000000,no_station
City of Calapan,PH175205000,PH175200000,PH170000000,no_station
Gloria,PH175206000,PH175200000,PH170000000,no_station
Mansalay,PH175207000,PH175200000,PH170000000,no_station
Naujan,PH175208000,PH175200000,PH170000000,no_station
Pinamalayan,PH175209000,PH175200000,PH170000000,no_station
Pola,PH175210000,PH175200000,PH170000000,no_station
Bacolod-Kalawi,PH153601000,PH153600000,PH150000000,no_station
Balabagan,PH153602000,PH153600000,PH150000000,no_station
Balindong,PH153603000,PH153600000,PH150000000,no_station
Puerto Galera,PH175211000,PH175200000,PH170000000,no_station
Roxas,PH175212000,PH175200000,PH170000000,no_station
San Teodoro,PH175213000,PH175200000,PH170000000,no_station
Socorro,PH175214000,PH175200000,PH170000000,no_station
Victoria,PH175215000,PH175200000,PH170000000,no_station
Aborlan,PH175301000,PH175300000,PH170000000,no_station
Agutaya,PH175302000,PH175300000,PH170000000,no_station
Araceli,PH175303000,PH175300000,PH170000000,no_station
Balabac,PH175304000,PH175300000,PH170000000,no_station
Bataraza,PH175305000,PH175300000,PH170000000,no_station
Brooke's Point,PH175306000,PH175300000,PH170000000,no_station
Busuanga,PH175307000,PH175300000,PH170000000,no_station
Cagayancillo,PH175308000,PH175300000,PH170000000,no_station
Coron,PH175309000,PH175300000,PH170000000,no_station
Cuyo,PH175310000,PH175300000,PH170000000,no_station
Dumaran,PH175311000,PH175300000,PH170000000,no_station
El Nido,PH175312000,PH175300000,PH170000000,no_station
Linapacan,PH175313000,PH175300000,PH170000000,no_station
Magsaysay,PH175314000,PH175300000,PH170000000,no_station
Narra,PH175315000,PH175300000,PH170000000,no_station
Puerto Princesa City,PH175316000,PH175300000,PH170000000,no_station
Quezon,PH175317000,PH175300000,PH170000000,no_station
Roxas,PH175318000,PH175300000,PH170000000,no_station
Bayang,PH153604000,PH153600000,PH150000000,no_station
Taytay,PH175320000,PH175300000,PH170000000,no_station
Binidayan,PH153605000,PH153600000,PH150000000,no_station
Kalayaan,PH175321000,PH175300000,PH170000000,no_station
Culion,PH175322000,PH175300000,PH170000000,no_station
Rizal,PH175323000,PH175300000,PH170000000,no_station
Sofronio Espanola,PH175324000,PH175300000,PH170000000,no_station
Alcantara,PH175901000,PH175900000,PH170000000,no_station
Banton,PH175902000,PH175900000,PH170000000,no_station
Cajidiocan,PH175903000,PH175900000,PH170000000,no_station
Bubong,PH153606000,PH153600000,PH150000000,no_station
Butig,PH153607000,PH153600000,PH150000000,no_station
Concepcion,PH175905000,PH175900000,PH170000000,no_station
Corcuera,PH175906000,PH175900000,PH170000000,no_station
Looc,PH175907000,PH175900000,PH170000000,no_station
Magdiwang,PH175908000,PH175900000,PH170000000,no_station
Odiongan,PH175909000,PH175900000,PH170000000,no_station
Romblon,PH175910000,PH175900000,PH170000000,no_station
San Agustin,PH175911000,PH175900000,PH170000000,no_station
San Andres,PH175912000,PH175900000,PH170000000,no_station
San Fernando,PH175913000,PH175900000,PH170000000,no_station
San Jose,PH175914000,PH175900000,PH170000000,no_station
Santa Fe,PH175915000,PH175900000,PH170000000,no_station
Ferrol,PH175916000,PH175900000,PH170000000,no_station
Santa Maria,PH175917000,PH175900000,PH170000000,no_station
Bacolod City,PH184501000,PH184500000,PH180000000,no_station
Bago City,PH184502000,PH184500000,PH180000000,no_station
Binalbagan,PH184503000,PH184500000,PH180000000,no_station
Cadiz City,PH184504000,PH184500000,PH180000000,no_station
Calatrava,PH184505000,PH184500000,PH180000000,no_station
Ganassi,PH153609000,PH153600000,PH150000000,no_station
Poona Bayabao,PH153622000,PH153600000,PH150000000,no_station
Kapai,PH153610000,PH153600000,PH150000000,no_station
Pualas,PH153623000,PH153600000,PH150000000,no_station
Lumba-Bayabao,PH153611000,PH153600000,PH150000000,no_station
Sultan Dumalondong,PH153640000,PH153600000,PH150000000,no_station
Lumbatan,PH153612000,PH153600000,PH150000000,no_station
Madalum,PH153613000,PH153600000,PH150000000,no_station
Madamba,PH153614000,PH153600000,PH150000000,no_station
Malabang,PH153615000,PH153600000,PH150000000,no_station
Marantao,PH153616000,PH153600000,PH150000000,no_station
Marawi City,PH153617000,PH153600000,PH150000000,no_station
Lumbaca-Unayan,PH153641000,PH153600000,PH150000000,no_station
Ampatuan,PH153801000,PH153800000,PH150000000,no_station
Masiu,PH153618000,PH153600000,PH150000000,no_station
Mulondo,PH153619000,PH153600000,PH150000000,no_station
Pagayawan,PH153620000,PH153600000,PH150000000,no_station
Cauayan,PH184507000,PH184500000,PH180000000,no_station
Enrique B. Magalona,PH184508000,PH184500000,PH180000000,no_station
City of Escalante,PH184509000,PH184500000,PH180000000,no_station
City of Himamaylan,PH184510000,PH184500000,PH180000000,no_station
Hinigaran,PH184511000,PH184500000,PH180000000,no_station
Hinoba-An,PH184512000,PH184500000,PH180000000,no_station
Ilog,PH184513000,PH184500000,PH180000000,no_station
Isabela,PH184514000,PH184500000,PH180000000,no_station
City of Kabankalan,PH184515000,PH184500000,PH180000000,no_station
La Carlota City,PH184516000,PH184500000,PH180000000,no_station
Talitay,PH153821000,PH153800000,PH150000000,no_station
Piagapo,PH153621000,PH153600000,PH150000000,no_station
City of Guihulngan,PH184611000,PH184600000,PH180000000,no_station
Jimalalud,PH184612000,PH184600000,PH180000000,no_station
La Libertad,PH184613000,PH184600000,PH180000000,no_station
Mabinay,PH184614000,PH184600000,PH180000000,no_station
Manjuyod,PH184615000,PH184600000,PH180000000,no_station
Paglat,PH153823000,PH153800000,PH150000000,no_station
Sultan Mastura,PH153824000,PH153800000,PH150000000,no_station
Ditsaan-Ramain,PH153624000,PH153600000,PH150000000,no_station
Magallanes,PH160208000,PH160200000,PH160000000,G5368
Nasipit,PH160209000,PH160200000,PH160000000,G5368
Saguiaran,PH153625000,PH153600000,PH150000000,no_station
Bongabong,PH175203000,PH175200000,PH170000000,no_station
Bulalacao,PH175204000,PH175200000,PH170000000,no_station
Tamparan,PH153626000,PH153600000,PH150000000,no_station
Taraka,PH153627000,PH153600000,PH150000000,no_station
Datu Piang,PH153806000,PH153800000,PH150000000,no_station
Datu Odin Sinsuat,PH153807000,PH153800000,PH150000000,G1969
Dumaguete City,PH184610000,PH184600000,PH180000000,no_station
Tubaran,PH153628000,PH153600000,PH150000000,no_station
Tugaya,PH153629000,PH153600000,PH150000000,no_station
Wao,PH153630000,PH153600000,PH150000000,no_station
Marogong,PH153631000,PH153600000,PH150000000,no_station
Calanogas,PH153632000,PH153600000,PH150000000,no_station
Buadiposo-Buntong,PH153633000,PH153600000,PH150000000,no_station
Maguing,PH153634000,PH153600000,PH150000000,no_station
Picong,PH153635000,PH153600000,PH150000000,no_station
Lumbayanague,PH153636000,PH153600000,PH150000000,no_station
Bumbaran,PH153637000,PH153600000,PH150000000,no_station
Tagoloan II,PH153638000,PH153600000,PH150000000,no_station
Kapatagan,PH153639000,PH153600000,PH150000000,no_station
Buldon,PH153802000,PH153800000,PH150000000,no_station
Buluan,PH153803000,PH153800000,PH150000000,no_station
Shariff Aguak,PH153808000,PH153800000,PH150000000,no_station
Datu Paglas,PH153805000,PH153800000,PH150000000,no_station
Matanog,PH153809000,PH153800000,PH150000000,no_station
Pagalungan,PH153810000,PH153800000,PH150000000,G1970
Parang,PH153811000,PH153800000,PH150000000,no_station
Sultan Kudarat,PH153812000,PH153800000,PH150000000,G1969
Sultan Sa Barongis,PH153813000,PH153800000,PH150000000,no_station
Kabuntalan,PH153814000,PH153800000,PH150000000,G1969
Upi,PH153815000,PH153800000,PH150000000,no_station
Talayan,PH153816000,PH153800000,PH150000000,no_station
South Upi,PH153817000,PH153800000,PH150000000,no_station
Gen. S.K. Pendatun,PH153819000,PH153800000,PH150000000,no_station
Barira,PH153818000,PH153800000,PH150000000,no_station
Pagagawan,PH153822000,PH153800000,PH150000000,G1970
Guindulungan,PH153825000,PH153800000,PH150000000,no_station
Datu Saudi-Ampatuan,PH153826000,PH153800000,PH150000000,no_station
Datu Abdullah Sangki,PH153828000,PH153800000,PH150000000,no_station
Rajah Buayan,PH153829000,PH153800000,PH150000000,no_station
Datu Blah T. Sinsuat,PH153830000,PH153800000,PH150000000,no_station
Datu Anggal Midtimbang,PH153831000,PH153800000,PH150000000,no_station
Mangudadatu,PH153832000,PH153800000,PH150000000,no_station
Pandag,PH153833000,PH153800000,PH150000000,no_station
Northern Kabuntalan,PH153834000,PH153800000,PH150000000,G1969
Datu Hoffer Ampatuan,PH153835000,PH153800000,PH150000000,no_station
Shariff Saydona Mustapha,PH153837000,PH153800000,PH150000000,no_station
Indanan,PH156601000,PH156600000,PH150000000,no_station
Jolo,PH156602000,PH156600000,PH150000000,no_station
Kalingalan Caluang,PH156603000,PH156600000,PH150000000,no_station
Luuk,PH156604000,PH156600000,PH150000000,no_station
Maimbung,PH156605000,PH156600000,PH150000000,no_station
Hadji Panglima Tahil,PH156606000,PH156600000,PH150000000,no_station
Old Panamao,PH156607000,PH156600000,PH150000000,no_station
Pangutaran,PH156608000,PH156600000,PH150000000,no_station
Parang,PH156609000,PH156600000,PH150000000,no_station
Pata,PH156610000,PH156600000,PH150000000,no_station
Patikul,PH156611000,PH156600000,PH150000000,no_station
Siasi,PH156612000,PH156600000,PH150000000,no_station
Talipao,PH156613000,PH156600000,PH150000000,no_station
Tapul,PH156614000,PH156600000,PH150000000,no_station
Tongkil,PH156615000,PH156600000,PH150000000,no_station
Panglima Estino,PH156616000,PH156600000,PH150000000,no_station
Lugus,PH156617000,PH156600000,PH150000000,no_station
Pandami,PH156618000,PH156600000,PH150000000,no_station
Omar,PH156619000,PH156600000,PH150000000,no_station
Panglima Sugala,PH157001000,PH157000000,PH150000000,no_station
Bongao,PH157002000,PH157000000,PH150000000,no_station
Mapun,PH157003000,PH157000000,PH150000000,no_station
Simunul,PH157004000,PH157000000,PH150000000,no_station
Sitangkai,PH157005000,PH157000000,PH150000000,no_station
South Ubian,PH157006000,PH157000000,PH150000000,no_station
Tandubas,PH157007000,PH157000000,PH150000000,no_station
Turtle Islands,PH157008000,PH157000000,PH150000000,no_station
Languyan,PH157009000,PH157000000,PH150000000,no_station
Sapa-Sapa,PH157010000,PH157000000,PH150000000,no_station
Sibutu,PH157011000,PH157000000,PH150000000,no_station
Buenavista,PH160201000,PH160200000,PH160000000,G5368
Butuan City,PH160202000,PH160200000,PH160000000,G5368
City of Cabadbaran,PH160203000,PH160200000,PH160000000,G5368
Carmen,PH160204000,PH160200000,PH160000000,G5368
Jabonga,PH160205000,PH160200000,PH160000000,G5368
Kitcharao,PH160206000,PH160200000,PH160000000,G5368
Las Nieves,PH160207000,PH160200000,PH160000000,G5368
City of Bayugan,PH160301000,PH160300000,PH160000000,G5368
Bunawan,PH160302000,PH160300000,PH160000000,G4945
Esperanza,PH160303000,PH160300000,PH160000000,G5368
La Paz,PH160304000,PH160300000,PH160000000,G4945
Loreto,PH160305000,PH160300000,PH160000000,G4945
Prosperidad,PH160306000,PH160300000,PH160000000,G5368
Rosario,PH160307000,PH160300000,PH160000000,G4945
San Francisco,PH160308000,PH160300000,PH160000000,G4945
San Luis,PH160309000,PH160300000,PH160000000,G5368
Santa Josefa,PH160310000,PH160300000,PH160000000,G4945
Talacogon,PH160311000,PH160300000,PH160000000,G4945
Trento,PH160312000,PH160300000,PH160000000,G4945
Veruela,PH160313000,PH160300000,PH160000000,G4945
Sibagat,PH160314000,PH160300000,PH160000000,G5368
Alegria,PH166701000,PH166700000,PH160000000,no_station
Bacuag,PH166702000,PH166700000,PH160000000,no_station
Burgos,PH166704000,PH166700000,PH160000000,no_station
Claver,PH166706000,PH166700000,PH160000000,no_station
Dapa,PH166707000,PH166700000,PH160000000,no_station
Del Carmen,PH166708000,PH166700000,PH160000000,no_station
General Luna,PH166710000,PH166700000,PH160000000,no_station
San Miguel,PH166816000,PH166800000,PH160000000,no_station
Tagbina,PH166817000,PH166800000,PH160000000,no_station
Tago,PH166818000,PH166800000,PH160000000,no_station
City of Tandag,PH166819000,PH166800000,PH160000000,no_station
Basilisa,PH168501000,PH168500000,PH160000000,no_station
Cagdianao,PH168502000,PH168500000,PH160000000,no_station
Dinagat,PH168503000,PH168500000,PH160000000,no_station
Libjo,PH168504000,PH168500000,PH160000000,no_station
Loreto,PH168505000,PH168500000,PH160000000,no_station
San Jose,PH168506000,PH168500000,PH160000000,no_station
Tubajon,PH168507000,PH168500000,PH160000000,no_station
Boac,PH174001000,PH174000000,PH170000000,no_station
Buenavista,PH174002000,PH174000000,PH170000000,no_station
Gasan,PH174003000,PH174000000,PH170000000,no_station
Mogpog,PH174004000,PH174000000,PH170000000,no_station
Santa Cruz,PH174005000,PH174000000,PH170000000,no_station
Torrijos,PH174006000,PH174000000,PH170000000,no_station
Abra de Ilog,PH175101000,PH175100000,PH170000000,no_station
Calintaan,PH175102000,PH175100000,PH170000000,no_station
Looc,PH175103000,PH175100000,PH170000000,no_station
Lubang,PH175104000,PH175100000,PH170000000,no_station
Magsaysay,PH175105000,PH175100000,PH170000000,no_station
Mamburao,PH175106000,PH175100000,PH170000000,no_station
Paluan,PH175107000,PH175100000,PH170000000,no_station
Rizal,PH175108000,PH175100000,PH170000000,no_station
Sablayan,PH175109000,PH175100000,PH170000000,no_station
San Jose,PH175110000,PH175100000,PH170000000,no_station
Santa Cruz,PH175111000,PH175100000,PH170000000,no_station
Baco,PH175201000,PH175200000,PH170000000,no_station
Bansud,PH175202000,PH175200000,PH170000000,no_station
La Castellana,PH184517000,PH184500000,PH180000000,no_station
Manapla,PH184518000,PH184500000,PH180000000,no_station
Moises Padilla,PH184519000,PH184500000,PH180000000,no_station
Murcia,PH184520000,PH184500000,PH180000000,no_station
Pontevedra,PH184521000,PH184500000,PH180000000,no_station
Pulupandan,PH184522000,PH184500000,PH180000000,no_station
Sagay City,PH184523000,PH184500000,PH180000000,no_station
San Carlos City,PH184524000,PH184500000,PH180000000,no_station
San Enrique,PH184525000,PH184500000,PH180000000,no_station
Silay City,PH184526000,PH184500000,PH180000000,no_station
City of Sipalay,PH184527000,PH184500000,PH180000000,no_station
City of Talisay,PH184528000,PH184500000,PH180000000,no_station
Toboso,PH184529000,PH184500000,PH180000000,no_station
Valladolid,PH184530000,PH184500000,PH180000000,no_station
City of Victorias,PH184531000,PH184500000,PH180000000,no_station
Salvador Benedicto,PH184532000,PH184500000,PH180000000,no_station
Amlan,PH184601000,PH184600000,PH180000000,no_station
Ayungon,PH184602000,PH184600000,PH180000000,no_station
Bacong,PH184603000,PH184600000,PH180000000,no_station
Bais City,PH184604000,PH184600000,PH180000000,no_station
Basay,PH184605000,PH184600000,PH180000000,no_station
City of Bayawan,PH184606000,PH184600000,PH180000000,no_station
Bindoy,PH184607000,PH184600000,PH180000000,no_station
Canlaon City,PH184608000,PH184600000,PH180000000,no_station
Dauin,PH184609000,PH184600000,PH180000000,no_station
Pamplona,PH184616000,PH184600000,PH180000000,no_station
San Jose,PH184617000,PH184600000,PH180000000,no_station
Santa Catalina,PH184618000,PH184600000,PH180000000,no_station
Siaton,PH184619000,PH184600000,PH180000000,no_station
Sibulan,PH184620000,PH184600000,PH180000000,no_station
City of Tanjay,PH184621000,PH184600000,PH180000000,no_station
Tayasan,PH184622000,PH184600000,PH180000000,no_station
Valencia,PH184623000,PH184600000,PH180000000,no_station
Vallehermoso,PH184624000,PH184600000,PH180000000,no_station
Zamboanguita,PH184625000,PH184600000,PH180000000,no_station
Burgos,PH012806000,PH012800000,PH010000000,no_station